camion,timestamps,camion_pos
0,34907.41274476696,"(3908.4467740418995, 3240.230846168657)"
0,35655.41274476696,"(882.9369681621433, 2326.155007858007)"
0,36376.41274476696,"(2165.654809987928, 4794.720573019646)"
0,36574.41274476696,"(2208.329370732056, 4874.764027647159)"
0,41915.2954045058,"(0.0, 7768.299413828365)"
0,42695.2954045058,"(281.060304655919, 3884.1864748637163)"
0,43653.2954045058,"(5096.92190454178, 4468.146281000782)"
0,44043.2954045058,"(5722.223309266262, 3636.0582878658274)"
0,44379.2954045058,"(6663.754009900923, 3499.4748025170766)"
0,44611.2954045058,"(6593.534591709344, 3789.499675511383)"
0,44858.2954045058,"(6932.381250567939, 3914.567155823742)"
0,45436.2954045058,"(7110.960405521624, 6496.919352150372)"
0,45906.2954045058,"(8078.668222181553, 7542.496473207324)"
0,47636.59421392372,"(5864.3925123259605, 8499.996057687371)"
0,47985.59421392372,"(4789.590227619452, 8402.254280758658)"
0,48265.59421392372,"(4264.986466328165, 8234.765901019438)"
0,48769.59421392372,"(3062.3687261077885, 7192.001959568349)"
0,49207.59421392372,"(3003.608009371542, 5463.512770111655)"
0,49423.59421392372,"(2758.2700524977727, 5460.40804771253)"
0,49637.59421392372,"(2702.8530125894167, 5285.503205600409)"
0,49931.59421392372,"(2969.7574889387724, 4760.900691098323)"
0,50702.59421392372,"(6617.459065413868, 4306.339997014491)"
0,50938.59421392372,"(6699.665012950772, 4608.970339558853)"
0,51340.59421392372,"(7066.241215263978, 5782.987751123886)"
0,51644.59421392372,"(7556.9677630842, 6152.542432265033)"
0,53673.59421392372,"(3618.8306978879423, 10162.836439222494)"
0,54099.59421392372,"(3575.5830672367647, 11827.827328173767)"
0,54361.59421392372,"(3190.1629658595157, 11649.10082005259)"
0,54638.59421392372,"(2946.842289974613, 12077.936941090307)"
0,55034.59421392372,"(2770.0162263751304, 13400.968662128651)"
0,55411.59421392372,"(2664.948127064661, 14657.589209578564)"
0,55651.59421392372,"(2905.445730586347, 14481.875812825643)"
0,55953.59421392372,"(3657.5394709149587, 14392.776333282512)"
0,56238.59421392372,"(3417.744279839048, 14878.363489899575)"
0,56638.59421392372,"(4238.162496163191, 15579.30924185158)"
0,57038.59421392372,"(3902.381904281118, 16765.400598727094)"
0,57356.59421392372,"(4089.0151196865513, 17533.694325301993)"
0,57634.59421392372,"(4434.614414548563, 17204.684443036575)"
0,58107.59421392372,"(5042.358611212146, 15777.965502465318)"
0,58413.59421392372,"(5333.909959160563, 16354.662429842503)"
0,58695.59421392372,"(5816.387399766156, 16579.561416174263)"
0,59128.59421392372,"(6835.608502321673, 17311.832664550475)"
0,59846.59421392372,"(7153.906468064188, 13896.093337569773)"
1,37943.3168803695,"(5791.689665186896, 12196.458072644362)"
1,38598.3168803695,"(3196.8594733580985, 12894.476125885656)"
1,38934.3168803695,"(3237.058582068418, 13933.035239664718)"
1,39540.3168803695,"(2970.4739472009815, 16619.416698360892)"
1,39814.3168803695,"(3285.9936677188525, 16950.071607951286)"
1,40364.3168803695,"(3374.869877306104, 14474.250799965632)"
1,41025.3168803695,"(3715.90266267212, 11475.962563653939)"
1,41512.3168803695,"(4005.177188157996, 9635.106656865299)"
1,43000.3168803695,"(12076.001404597646, 9359.437604382216)"
1,43341.3168803695,"(12983.939923689995, 9150.732356776138)"
1,43615.3168803695,"(13221.960099048227, 8738.434744519795)"
1,44226.3168803695,"(15414.2599101281, 7939.952504503216)"
1,44716.3168803695,"(16141.194109914142, 6515.283668942834)"
1,45159.3168803695,"(14489.770680779902, 6342.9164684956195)"
1,45987.3168803695,"(10054.443507331911, 6404.596247809131)"
1,47237.3168803695,"(13534.603062206641, 10241.729428379254)"
1,47617.3168803695,"(14693.773085246921, 10015.812161649366)"
1,48047.3168803695,"(14973.603667201902, 11468.555769972474)"
1,48678.3168803695,"(17095.07530145278, 12474.55487761515)"
1,49006.3168803695,"(17694.98185697636, 12896.162120404182)"
1,49318.3168803695,"(17774.192266357586, 13727.391111050558)"
1,49698.3168803695,"(17783.051698218205, 12349.133492915777)"
1,50084.3168803695,"(17761.541666029774, 10942.130061311453)"
1,50296.3168803695,"(17786.472161565736, 10747.942708643299)"
1,50612.3168803695,"(18573.36898548723, 10902.03105751421)"
1,50982.3168803695,"(17953.44396089783, 10209.070773759666)"
1,51286.3168803695,"(18287.110317533432, 9687.995200006446)"
1,51547.3168803695,"(18335.97132215075, 9175.361838657644)"
1,51962.3168803695,"(17322.731505247208, 8560.17597878673)"
1,52249.3168803695,"(16961.17238630682, 8936.279033965115)"
1,52555.3168803695,"(16283.779799515185, 9130.827301852285)"
1,52997.3168803695,"(15058.261288920357, 8536.966624604245)"
1,53226.3168803695,"(14847.022925724481, 8411.157378519689)"
1,53522.3168803695,"(14629.150173835444, 8994.780888521418)"
1,53766.3168803695,"(14215.709814361522, 9022.491965026316)"
1,54081.3168803695,"(13491.085879990576, 8811.448209233715)"
1,54451.3168803695,"(12810.460616848859, 9449.705836519555)"
1,55769.3168803695,"(14032.20379206351, 9493.087523370103)"
1,55991.3168803695,"(13855.998795894571, 9378.348139327813)"
1,56326.3168803695,"(13568.49224529923, 8591.853732483225)"
1,56561.3168803695,"(13601.926416964929, 8246.936170903407)"
1,56794.3168803695,"(13654.15429714165, 7935.937387465809)"
1,57111.3168803695,"(14431.96748812963, 7762.790804321375)"
1,57509.3168803695,"(15928.469778783901, 7776.986406720248)"
1,57783.3168803695,"(16265.882615401519, 7462.199920334354)"
1,58079.3168803695,"(16144.491545864033, 8140.406571701116)"
1,58343.3168803695,"(15647.06243672048, 8225.132899637041)"
1,58569.3168803695,"(15547.586156709982, 8438.954707551104)"
1,58949.3168803695,"(16601.18990803636, 8768.70300031283)"
1,59166.3168803695,"(16779.833665541297, 8696.368827626502)"
1,59373.3168803695,"(16753.97362652751, 8851.697571408278)"
1,59629.3168803695,"(16528.30758544348, 9152.494146419287)"
1,60157.3168803695,"(15290.795661436985, 10327.677851535576)"
2,36500.817120956875,"(12785.517447169515, 9368.224572178993)"
2,37334.817120956875,"(12817.296328725177, 4861.889758622193)"
2,37810.817120956875,"(14867.04602146319, 4862.401661738786)"
2,38208.817120956875,"(14211.701969216012, 5718.52293421037)"
2,38794.817120956875,"(14193.493758653884, 8517.671866007673)"
2,39548.817120956875,"(15315.096952928228, 11376.664784659666)"
2,40144.817120956875,"(17489.734301413402, 12089.539422638027)"
2,41157.00380294301,"(18537.02501832141, 12300.149219290053)"
2,41608.00380294301,"(17234.609416000385, 12878.797362222933)"
2,42349.00380294301,"(13669.851762868157, 13204.083580717988)"
2,42955.00380294301,"(13388.224073904257, 10533.644895882186)"
2,43240.00380294301,"(13125.882138318393, 10071.831213252464)"
2,44725.00380294301,"(6433.203212008143, 12293.658696706792)"
2,45134.00380294301,"(5789.906459169373, 13240.591889110816)"
2,45364.00380294301,"(6102.446278853846, 13270.434660350078)"
2,45654.00380294301,"(6634.791482139815, 13496.301223208735)"
2,47623.00380294301,"(12249.66293991863, 13302.875021670428)"
2,47994.00380294301,"(13363.766967324784, 13510.15126180441)"
2,48430.00380294301,"(14819.775572519398, 13829.36841554771)"
2,48727.00380294301,"(14473.467433678545, 14292.425531958268)"
2,49092.00380294301,"(15196.538340541494, 14853.33761538976)"
2,49401.00380294301,"(14918.254870547511, 15467.720537132795)"
2,49746.00380294301,"(15638.697109090357, 15889.555630619334)"
2,50090.00380294301,"(15610.041729363025, 14785.288790479368)"
2,50331.00380294301,"(15923.24518283055, 14889.817281402644)"
2,50517.00380294301,"(15943.81321140555, 14875.089166693317)"
2,50855.00380294301,"(16456.904578464044, 15456.440241983726)"
2,51342.00380294301,"(16486.528119039085, 13357.94173175818)"
2,51726.00380294301,"(15369.962631111694, 13063.823763676408)"
2,52015.00380294301,"(14652.920928506644, 13102.022918992338)"
2,52531.00380294301,"(12609.967511517738, 12812.801134508607)"
2,53011.00380294301,"(11264.265495913696, 12079.693215355983)"
2,54697.00380294301,"(8079.053617625658, 4813.972273983372)"
2,55082.00380294301,"(7048.189178740993, 4424.282490368202)"
2,55506.00380294301,"(5770.391760679066, 4009.5223786081788)"
2,55859.00380294301,"(5627.5952192550385, 5065.3172759118)"
2,56193.00380294301,"(4775.45090592086, 5275.827193446351)"
2,56830.00380294301,"(5918.320865451724, 7305.161692620693)"
2,58551.00380294301,"(12788.112190076958, 11132.147040268223)"
2,59168.00380294301,"(15586.754651006886, 11366.265310020768)"
2,59486.00380294301,"(15707.665389677442, 12200.307737175082)"
2,59972.00380294301,"(15190.331752084961, 10598.219514613635)"
2,60295.00380294301,"(14514.792432173046, 10281.31849649233)"
