tiempos_c1,tiempos_c2,tiempos_c3,tiempos_c4,indicador
1000000000000,1000000000000,1000000000000,1000000000000,True
1000000000000,35903,1000000000000,1000000000000,False
34915,1000000000000,1000000000000,1000000000000,True
1000000000000,1000000000000,35026,1000000000000,False
1000000000000,44027,1000000000000,1000000000000,False
1000000000000,39319,1000000000000,1000000000000,False
1000000000000,1000000000000,43590,1000000000000,False
1000000000000,42410,1000000000000,1000000000000,False
1000000000000,1000000000000,38727,1000000000000,False
1000000000000,1000000000000,1000000000000,1000000000000,False
37142,1000000000000,1000000000000,1000000000000,True
1000000000000,41334,1000000000000,1000000000000,False
1000000000000,1000000000000,39784,1000000000000,False
38051,1000000000000,1000000000000,1000000000000,True
39271,1000000000000,1000000000000,1000000000000,True
40343,1000000000000,1000000000000,1000000000000,True
1000000000000,41743,1000000000000,1000000000000,False
1000000000000,1000000000000,46813,1000000000000,False
1000000000000,43201,1000000000000,1000000000000,False
1000000000000,1000000000000,37453,1000000000000,False
1000000000000,40396,1000000000000,1000000000000,False
1000000000000,1000000000000,41218,1000000000000,False
1000000000000,1000000000000,1000000000000,1000000000000,False
1000000000000,38913,1000000000000,1000000000000,False
1000000000000,45696,1000000000000,1000000000000,False
41340,1000000000000,1000000000000,1000000000000,True
1000000000000,1000000000000,1000000000000,1000000000000,False
1000000000000,39992,1000000000000,1000000000000,False
1000000000000,1000000000000,1000000000000,1000000000000,False
41838,1000000000000,1000000000000,1000000000000,True
1000000000000,1000000000000,1000000000000,1000000000000,True
48592,1000000000000,1000000000000,1000000000000,True
1000000000000,1000000000000,1000000000000,1000000000000,False
1000000000000,1000000000000,1000000000000,1000000000000,False
1000000000000,1000000000000,1000000000000,1000000000000,False
1000000000000,1000000000000,1000000000000,1000000000000,False
42262,1000000000000,1000000000000,1000000000000,True
1000000000000,1000000000000,1000000000000,1000000000000,False
43246,1000000000000,1000000000000,1000000000000,True
1000000000000,1000000000000,1000000000000,1000000000000,False
1000000000000,1000000000000,1000000000000,1000000000000,False
1000000000000,1000000000000,1000000000000,1000000000000,False
1000000000000,1000000000000,1000000000000,1000000000000,False
1000000000000,1000000000000,1000000000000,1000000000000,False
1000000000000,1000000000000,1000000000000,1000000000000,False
1000000000000,1000000000000,1000000000000,1000000000000,True
1000000000000,1000000000000,1000000000000,1000000000000,False
1000000000000,49459,1000000000000,1000000000000,False
1000000000000,1000000000000,50789,1000000000000,False
1000000000000,1000000000000,1000000000000,1000000000000,False
1000000000000,49109,1000000000000,1000000000000,False
1000000000000,51697,1000000000000,1000000000000,False
1000000000000,1000000000000,49619,1000000000000,False
1000000000000,1000000000000,48703,1000000000000,False
1000000000000,1000000000000,1000000000000,1000000000000,False
1000000000000,1000000000000,1000000000000,1000000000000,False
1000000000000,1000000000000,49195,1000000000000,False
1000000000000,1000000000000,1000000000000,1000000000000,False
1000000000000,1000000000000,1000000000000,1000000000000,False
1000000000000,1000000000000,1000000000000,1000000000000,False
1000000000000,1000000000000,1000000000000,1000000000000,False
1000000000000,1000000000000,1000000000000,1000000000000,False
1000000000000,1000000000000,52488,1000000000000,False
57616,1000000000000,1000000000000,1000000000000,True
1000000000000,1000000000000,1000000000000,1000000000000,False
1000000000000,1000000000000,1000000000000,1000000000000,False
1000000000000,1000000000000,1000000000000,1000000000000,False
1000000000000,1000000000000,1000000000000,1000000000000,False
59345,1000000000000,1000000000000,1000000000000,True
1000000000000,1000000000000,1000000000000,1000000000000,False
44593,1000000000000,1000000000000,1000000000000,True
1000000000000,1000000000000,1000000000000,1000000000000,False
1000000000000,1000000000000,1000000000000,1000000000000,False
1000000000000,1000000000000,1000000000000,1000000000000,False
1000000000000,1000000000000,1000000000000,1000000000000,False
1000000000000,1000000000000,1000000000000,1000000000000,False
1000000000000,1000000000000,1000000000000,1000000000000,False
58343,1000000000000,1000000000000,1000000000000,True
1000000000000,1000000000000,1000000000000,1000000000000,False
57038,1000000000000,1000000000000,1000000000000,True
1000000000000,1000000000000,1000000000000,1000000000000,False
1000000000000,1000000000000,50214,1000000000000,False
44060,1000000000000,1000000000000,1000000000000,True
1000000000000,1000000000000,1000000000000,1000000000000,False
48991,1000000000000,1000000000000,1000000000000,True
43788,1000000000000,1000000000000,1000000000000,True
1000000000000,50952,1000000000000,1000000000000,False
1000000000000,1000000000000,1000000000000,1000000000000,False
1000000000000,1000000000000,1000000000000,1000000000000,False
1000000000000,1000000000000,1000000000000,1000000000000,True
1000000000000,1000000000000,1000000000000,1000000000000,True
1000000000000,52328,1000000000000,1000000000000,False
1000000000000,1000000000000,1000000000000,1000000000000,False
1000000000000,1000000000000,1000000000000,1000000000000,False
1000000000000,1000000000000,1000000000000,1000000000000,False
1000000000000,1000000000000,1000000000000,1000000000000,False
1000000000000,50305,1000000000000,1000000000000,False
1000000000000,1000000000000,1000000000000,1000000000000,False
45339,1000000000000,1000000000000,1000000000000,True
1000000000000,1000000000000,1000000000000,1000000000000,True
1000000000000,53857,1000000000000,1000000000000,False
1000000000000,1000000000000,1000000000000,1000000000000,True
1000000000000,1000000000000,1000000000000,1000000000000,True
1000000000000,1000000000000,52965,1000000000000,False
1000000000000,48669,1000000000000,1000000000000,False
1000000000000,1000000000000,1000000000000,1000000000000,False
1000000000000,49955,1000000000000,1000000000000,False
1000000000000,1000000000000,1000000000000,1000000000000,False
1000000000000,1000000000000,53752,1000000000000,False
53895,1000000000000,1000000000000,1000000000000,True
45847,1000000000000,1000000000000,1000000000000,True
1000000000000,1000000000000,1000000000000,1000000000000,False
1000000000000,1000000000000,1000000000000,1000000000000,True
53308,1000000000000,1000000000000,1000000000000,True
1000000000000,51321,1000000000000,1000000000000,False
1000000000000,55105,1000000000000,1000000000000,False
1000000000000,50646,1000000000000,1000000000000,False
1000000000000,1000000000000,1000000000000,1000000000000,True
46194,1000000000000,1000000000000,1000000000000,True
1000000000000,1000000000000,1000000000000,1000000000000,False
48139,1000000000000,1000000000000,1000000000000,True
1000000000000,1000000000000,1000000000000,1000000000000,False
1000000000000,1000000000000,1000000000000,1000000000000,True
1000000000000,1000000000000,1000000000000,1000000000000,True
1000000000000,1000000000000,1000000000000,1000000000000,True
46859,1000000000000,1000000000000,1000000000000,True
47468,1000000000000,1000000000000,1000000000000,True
1000000000000,1000000000000,51374,1000000000000,False
1000000000000,1000000000000,51955,1000000000000,False
1000000000000,1000000000000,1000000000000,1000000000000,False
1000000000000,1000000000000,1000000000000,1000000000000,False
1000000000000,1000000000000,1000000000000,1000000000000,False
49951,1000000000000,1000000000000,1000000000000,True
1000000000000,1000000000000,57583,1000000000000,False
1000000000000,1000000000000,1000000000000,1000000000000,False
1000000000000,1000000000000,1000000000000,1000000000000,False
50832,1000000000000,1000000000000,1000000000000,True
1000000000000,1000000000000,1000000000000,1000000000000,False
1000000000000,1000000000000,1000000000000,1000000000000,False
1000000000000,1000000000000,1000000000000,1000000000000,False
1000000000000,56156,1000000000000,1000000000000,False
1000000000000,1000000000000,1000000000000,1000000000000,False
1000000000000,54768,1000000000000,1000000000000,False
1000000000000,1000000000000,1000000000000,1000000000000,False
1000000000000,1000000000000,1000000000000,1000000000000,False
1000000000000,1000000000000,1000000000000,1000000000000,False
1000000000000,1000000000000,1000000000000,1000000000000,False
1000000000000,54231,1000000000000,1000000000000,False
1000000000000,1000000000000,1000000000000,1000000000000,False
1000000000000,1000000000000,1000000000000,1000000000000,True
1000000000000,1000000000000,1000000000000,1000000000000,False
1000000000000,1000000000000,1000000000000,1000000000000,False
1000000000000,56621,1000000000000,1000000000000,False
58700,1000000000000,1000000000000,1000000000000,True
1000000000000,1000000000000,1000000000000,1000000000000,True
58057,1000000000000,1000000000000,1000000000000,True
51651,1000000000000,1000000000000,1000000000000,True
54583,1000000000000,1000000000000,1000000000000,True
58935,1000000000000,1000000000000,1000000000000,True
1000000000000,57316,1000000000000,1000000000000,False
55616,1000000000000,1000000000000,1000000000000,True
50230,1000000000000,1000000000000,1000000000000,True
1000000000000,1000000000000,1000000000000,1000000000000,False
1000000000000,1000000000000,1000000000000,1000000000000,True
1000000000000,1000000000000,1000000000000,1000000000000,False
1000000000000,1000000000000,1000000000000,1000000000000,False
1000000000000,1000000000000,1000000000000,1000000000000,False
1000000000000,58019,1000000000000,1000000000000,False
1000000000000,1000000000000,1000000000000,1000000000000,True
1000000000000,1000000000000,1000000000000,1000000000000,False
1000000000000,1000000000000,1000000000000,1000000000000,False
56067,1000000000000,1000000000000,1000000000000,True
1000000000000,1000000000000,1000000000000,1000000000000,True
1000000000000,1000000000000,1000000000000,1000000000000,False
1000000000000,1000000000000,1000000000000,1000000000000,False
1000000000000,1000000000000,1000000000000,1000000000000,False
55088,1000000000000,1000000000000,1000000000000,True
1000000000000,1000000000000,1000000000000,1000000000000,False
1000000000000,55726,1000000000000,1000000000000,False
1000000000000,1000000000000,57188,1000000000000,False
1000000000000,1000000000000,56897,1000000000000,False
1000000000000,1000000000000,58009,1000000000000,False
1000000000000,1000000000000,1000000000000,1000000000000,False
1000000000000,57650,1000000000000,1000000000000,False
1000000000000,1000000000000,58470,1000000000000,False
52715,1000000000000,1000000000000,1000000000000,True
1000000000000,1000000000000,1000000000000,1000000000000,False
1000000000000,1000000000000,1000000000000,1000000000000,False
1000000000000,1000000000000,1000000000000,1000000000000,False
1000000000000,1000000000000,1000000000000,1000000000000,False
1000000000000,1000000000000,1000000000000,1000000000000,True
1000000000000,1000000000000,1000000000000,1000000000000,False
1000000000000,1000000000000,1000000000000,1000000000000,True
1000000000000,1000000000000,1000000000000,1000000000000,False
1000000000000,1000000000000,1000000000000,1000000000000,False
1000000000000,1000000000000,1000000000000,1000000000000,False
1000000000000,1000000000000,1000000000000,1000000000000,True
1000000000000,1000000000000,1000000000000,1000000000000,False
1000000000000,1000000000000,1000000000000,1000000000000,True
1000000000000,1000000000000,1000000000000,1000000000000,False
1000000000000,1000000000000,1000000000000,1000000000000,True
1000000000000,1000000000000,1000000000000,1000000000000,True
1000000000000,59869,1000000000000,1000000000000,False
1000000000000,1000000000000,1000000000000,1000000000000,False
1000000000000,1000000000000,1000000000000,1000000000000,False
56337,1000000000000,1000000000000,1000000000000,True
1000000000000,1000000000000,1000000000000,1000000000000,True
1000000000000,1000000000000,1000000000000,1000000000000,False
1000000000000,1000000000000,1000000000000,1000000000000,False
1000000000000,1000000000000,1000000000000,1000000000000,True
1000000000000,1000000000000,1000000000000,1000000000000,False
1000000000000,1000000000000,1000000000000,1000000000000,False
1000000000000,1000000000000,59451,1000000000000,False
1000000000000,60468,1000000000000,1000000000000,False
1000000000000,1000000000000,1000000000000,1000000000000,False
1000000000000,1000000000000,1000000000000,1000000000000,False
1000000000000,1000000000000,1000000000000,1000000000000,True
1000000000000,1000000000000,1000000000000,1000000000000,True
