run_id,status,start_timestamp,end_timestamp,elapsed_total_sec,elapsed_total_min,solver,rica,input_dir,instancia,replica_id,n_scenarios,lookahead_min,scenario_time_limit_sec,parallel_backend,parallel_max_workers,parallel_cpu_reserve,parallel_log_progress,dynamic_insertion_n_scenarios,enable_dynamic_pickup_insertion,run_msa_on_request_arrival_if_vehicle_waiting,no_improvement_time_sec,seed,config_applied_fields,config_ignored_fields,served_customers,outsourced_customers,total_customers,total_profit,total_possible_profit,profit_rate,total_distance_km,nb_trips,service_rate
1,ok,2026-06-21T23:03:05,2026-06-21T23:36:24,1998.8924573000113,33.31487428833352,hexaly,False,C:\Users\jaraf\OneDrive\Desktop\2026\ICS2122\data,4,0,20,160,30.0,,,,,,,,5,42,"[""consensus_mode"", ""instancia"", ""lookahead_sec"", ""n_scenarios"", ""scenario_time_limit_sec"", ""seed""]","[""no_improvement_time_sec""]",122,70,192,209.0,315.0,0.6634920634920635,309.40182139069503,11,0.6354166666666666
2,ok,2026-06-21T23:36:24,2026-06-22T00:16:19,2394.936160100013,39.91560266833355,hexaly,False,C:\Users\jaraf\OneDrive\Desktop\2026\ICS2122\data,4,1,20,160,30.0,,,,,,,,5,42,"[""consensus_mode"", ""instancia"", ""lookahead_sec"", ""n_scenarios"", ""scenario_time_limit_sec"", ""seed""]","[""no_improvement_time_sec""]",124,61,185,213.0,312.0,0.6826923076923077,345.50261195004487,11,0.6702702702702703
3,ok,2026-06-22T00:16:19,2026-06-22T01:01:33,2713.957823100005,45.232630385000085,hexaly,False,C:\Users\jaraf\OneDrive\Desktop\2026\ICS2122\data,4,2,20,160,30.0,,,,,,,,5,42,"[""consensus_mode"", ""instancia"", ""lookahead_sec"", ""n_scenarios"", ""scenario_time_limit_sec"", ""seed""]","[""no_improvement_time_sec""]",129,75,204,218.0,333.0,0.6546546546546547,353.56388516616295,14,0.6323529411764706
4,ok,2026-06-22T01:01:33,2026-06-22T01:45:09,2615.9600334000133,43.599333890000224,hexaly,False,C:\Users\jaraf\OneDrive\Desktop\2026\ICS2122\data,4,3,20,160,30.0,,,,,,,,5,42,"[""consensus_mode"", ""instancia"", ""lookahead_sec"", ""n_scenarios"", ""scenario_time_limit_sec"", ""seed""]","[""no_improvement_time_sec""]",121,73,194,204.0,323.0,0.631578947368421,348.06106275440015,13,0.6237113402061856
5,ok,2026-06-22T01:45:09,2026-06-22T02:20:20,2110.960382099991,35.18267303499985,hexaly,False,C:\Users\jaraf\OneDrive\Desktop\2026\ICS2122\data,4,4,20,160,30.0,,,,,,,,5,42,"[""consensus_mode"", ""instancia"", ""lookahead_sec"", ""n_scenarios"", ""scenario_time_limit_sec"", ""seed""]","[""no_improvement_time_sec""]",136,93,229,235.0,374.0,0.6283422459893048,320.9806286325819,11,0.5938864628820961
6,ok,2026-06-22T02:20:20,2026-06-22T02:40:20,1199.9620855000103,19.999368091666838,hexaly,False,C:\Users\jaraf\OneDrive\Desktop\2026\ICS2122\data,4,5,20,160,30.0,,,,,,,,5,42,"[""consensus_mode"", ""instancia"", ""lookahead_sec"", ""n_scenarios"", ""scenario_time_limit_sec"", ""seed""]","[""no_improvement_time_sec""]",95,122,217,156.0,358.0,0.43575418994413406,265.99466777975584,8,0.4377880184331797
7,ok,2026-06-22T02:40:20,2026-06-22T03:08:25,1684.961363200011,28.08268938666685,hexaly,False,C:\Users\jaraf\OneDrive\Desktop\2026\ICS2122\data,4,6,20,160,30.0,,,,,,,,5,42,"[""consensus_mode"", ""instancia"", ""lookahead_sec"", ""n_scenarios"", ""scenario_time_limit_sec"", ""seed""]","[""no_improvement_time_sec""]",111,73,184,180.0,293.0,0.6143344709897611,298.3562874666979,10,0.6032608695652174
8,ok,2026-06-22T03:08:25,2026-06-22T03:35:17,1611.9601181999897,26.86600196999983,hexaly,False,C:\Users\jaraf\OneDrive\Desktop\2026\ICS2122\data,4,7,20,160,30.0,,,,,,,,5,42,"[""consensus_mode"", ""instancia"", ""lookahead_sec"", ""n_scenarios"", ""scenario_time_limit_sec"", ""seed""]","[""no_improvement_time_sec""]",112,79,191,192.0,313.0,0.6134185303514377,283.9347345732237,10,0.5863874345549738
9,ok,2026-06-22T03:35:17,2026-06-22T04:04:24,1746.9624372999824,29.116040621666375,hexaly,False,C:\Users\jaraf\OneDrive\Desktop\2026\ICS2122\data,4,8,20,160,30.0,,,,,,,,5,42,"[""consensus_mode"", ""instancia"", ""lookahead_sec"", ""n_scenarios"", ""scenario_time_limit_sec"", ""seed""]","[""no_improvement_time_sec""]",116,74,190,202.0,324.0,0.6234567901234568,291.35867409666025,11,0.6105263157894737
10,ok,2026-06-22T04:04:24,2026-06-22T04:37:08,1963.9589908999915,32.73264984833319,hexaly,False,C:\Users\jaraf\OneDrive\Desktop\2026\ICS2122\data,4,9,20,160,30.0,,,,,,,,5,42,"[""consensus_mode"", ""instancia"", ""lookahead_sec"", ""n_scenarios"", ""scenario_time_limit_sec"", ""seed""]","[""no_improvement_time_sec""]",115,89,204,193.0,335.0,0.5761194029850746,289.65881830405783,11,0.5637254901960784
11,ok,2026-06-22T04:37:08,2026-06-22T05:10:48,2019.89733420001,33.66495557000017,hexaly,False,C:\Users\jaraf\OneDrive\Desktop\2026\ICS2122\data,4,10,20,160,30.0,,,,,,,,5,42,"[""consensus_mode"", ""instancia"", ""lookahead_sec"", ""n_scenarios"", ""scenario_time_limit_sec"", ""seed""]","[""no_improvement_time_sec""]",124,84,208,207.0,333.0,0.6216216216216216,328.4409470957047,11,0.5961538461538461
12,ok,2026-06-22T05:10:48,2026-06-22T05:44:06,1997.8831736000138,33.29805289333356,hexaly,False,C:\Users\jaraf\OneDrive\Desktop\2026\ICS2122\data,4,11,20,160,30.0,,,,,,,,5,42,"[""consensus_mode"", ""instancia"", ""lookahead_sec"", ""n_scenarios"", ""scenario_time_limit_sec"", ""seed""]","[""no_improvement_time_sec""]",127,59,186,217.0,313.0,0.6932907348242812,332.8382332408483,11,0.6827956989247311
13,ok,2026-06-22T05:44:06,2026-06-22T06:21:32,2245.914026800019,37.43190044666699,hexaly,False,C:\Users\jaraf\OneDrive\Desktop\2026\ICS2122\data,4,12,20,160,30.0,,,,,,,,5,42,"[""consensus_mode"", ""instancia"", ""lookahead_sec"", ""n_scenarios"", ""scenario_time_limit_sec"", ""seed""]","[""no_improvement_time_sec""]",117,86,203,201.0,342.0,0.5877192982456141,324.25518226605413,12,0.5763546798029556
14,ok,2026-06-22T06:21:32,2026-06-22T07:01:59,2426.9332005000033,40.448886675000054,hexaly,False,C:\Users\jaraf\OneDrive\Desktop\2026\ICS2122\data,4,13,20,160,30.0,,,,,,,,5,42,"[""consensus_mode"", ""instancia"", ""lookahead_sec"", ""n_scenarios"", ""scenario_time_limit_sec"", ""seed""]","[""no_improvement_time_sec""]",125,100,225,218.0,377.0,0.5782493368700266,321.0648197785496,12,0.5555555555555556
15,ok,2026-06-22T07:01:59,2026-06-22T07:30:20,1700.9384610000125,28.34897435000021,hexaly,False,C:\Users\jaraf\OneDrive\Desktop\2026\ICS2122\data,4,14,20,160,30.0,,,,,,,,5,42,"[""consensus_mode"", ""instancia"", ""lookahead_sec"", ""n_scenarios"", ""scenario_time_limit_sec"", ""seed""]","[""no_improvement_time_sec""]",107,73,180,186.0,303.0,0.6138613861386139,316.0557790867783,10,0.5944444444444444
16,ok,2026-06-22T07:30:20,2026-06-22T08:02:26,1925.9510425000044,32.09918404166674,hexaly,False,C:\Users\jaraf\OneDrive\Desktop\2026\ICS2122\data,4,15,20,160,30.0,,,,,,,,5,42,"[""consensus_mode"", ""instancia"", ""lookahead_sec"", ""n_scenarios"", ""scenario_time_limit_sec"", ""seed""]","[""no_improvement_time_sec""]",117,68,185,205.0,313.0,0.6549520766773163,323.01043027265587,11,0.6324324324324324
17,ok,2026-06-22T08:02:26,2026-06-22T08:25:51,1404.9502785000077,23.415837975000127,hexaly,False,C:\Users\jaraf\OneDrive\Desktop\2026\ICS2122\data,4,16,20,160,30.0,,,,,,,,5,42,"[""consensus_mode"", ""instancia"", ""lookahead_sec"", ""n_scenarios"", ""scenario_time_limit_sec"", ""seed""]","[""no_improvement_time_sec""]",91,118,209,154.0,351.0,0.43874643874643876,287.80586226863574,8,0.4354066985645933
18,ok,2026-06-22T08:25:51,2026-06-22T08:59:19,2007.9369249000156,33.46561541500026,hexaly,False,C:\Users\jaraf\OneDrive\Desktop\2026\ICS2122\data,4,17,20,160,30.0,,,,,,,,5,42,"[""consensus_mode"", ""instancia"", ""lookahead_sec"", ""n_scenarios"", ""scenario_time_limit_sec"", ""seed""]","[""no_improvement_time_sec""]",108,101,209,184.0,347.0,0.5302593659942363,322.6185081529013,10,0.5167464114832536
19,ok,2026-06-22T08:59:19,2026-06-22T09:29:30,1810.9559466000064,30.18259911000011,hexaly,False,C:\Users\jaraf\OneDrive\Desktop\2026\ICS2122\data,4,18,20,160,30.0,,,,,,,,5,42,"[""consensus_mode"", ""instancia"", ""lookahead_sec"", ""n_scenarios"", ""scenario_time_limit_sec"", ""seed""]","[""no_improvement_time_sec""]",114,58,172,181.0,277.0,0.6534296028880866,288.4363615520536,10,0.6627906976744186
20,ok,2026-06-22T09:29:30,2026-06-22T09:58:16,1725.9564905000152,28.765941508333587,hexaly,False,C:\Users\jaraf\OneDrive\Desktop\2026\ICS2122\data,4,19,20,160,30.0,,,,,,,,5,42,"[""consensus_mode"", ""instancia"", ""lookahead_sec"", ""n_scenarios"", ""scenario_time_limit_sec"", ""seed""]","[""no_improvement_time_sec""]",100,100,200,170.0,336.0,0.5059523809523809,302.3070751297104,10,0.5
