nb_vehicles_used,nb_trips_used,served_customers,unserved_customers,service_rate,total_profit,total_possible_profit,profit_rate,total_distance_km,total_travel_time_sec,nb_tours,avg_customers_per_tour,std_customers_per_tour,se_customers_per_tour,avg_tour_duration_sec,std_tour_duration_sec,se_tour_duration_sec,avg_tour_duration_min,std_tour_duration_min,se_tour_duration_min,avg_tour_duration_hours,std_tour_duration_hours,se_tour_duration_hours,solver_status,distance_metric,depot_xy,shift_start_sec,shift_end_sec,hard_time_windows,require_all_customers,deadline_is_latest_start,delivery_must_be_loaded_at_depot,delivery_loading_rule,pickup_ready_policy,max_trips_per_vehicle,distance_cost_per_km_in_profit,instancia,replica
3,12,127,65,0.6614583333333334,208.0,315.0,0.6603174603174603,336.00515600585936,48458.0,12,10.583333333333334,9.500797414699015,2.7426439724462885,5947.416666666667,3869.112734989845,1116.9166395356983,99.12361111111112,64.48521224983075,18.61527732559497,1.6520601851851853,1.0747535374971793,0.31025462209324955,"Model:  expressions = 111365, decisions = 900, constraints = 901, objectives = 3
Param:  time limit = 15 sec, no iteration limit

[objective directions]:     maximize |     minimize |     minimize
",manhattan,"(10000.0, 10000.0)",32400,61200,True,False,True,True,each delivery in a trip requires trip departure from depot >= its ready_time,arrival,300,0.0,2,0
3,14,126,62,0.6702127659574468,211.0,313.0,0.6741214057507987,402.7602872619629,58067.0,14,9.0,5.683985600588051,1.5191090506255,5859.785714285715,2437.6328422521665,651.4847807468269,97.66309523809524,40.627214037536106,10.858079679113782,1.627718253968254,0.6771202339589352,0.18096799465189636,"Model:  expressions = 110608, decisions = 900, constraints = 901, objectives = 3
Param:  time limit = 15 sec, no iteration limit

[objective directions]:     maximize |     minimize |     minimize
",manhattan,"(10000.0, 10000.0)",32400,61200,True,False,True,True,each delivery in a trip requires trip departure from depot >= its ready_time,arrival,300,0.0,2,1
3,12,132,81,0.6197183098591549,225.0,363.0,0.6198347107438017,372.1890415191651,53664.0,12,11.0,3.3574882386580707,0.9692233691951199,6506.75,859.4218061633594,248.09370556792499,108.44583333333334,14.323696769389324,4.134895092798749,1.8074305555555557,0.23872827948982206,0.0689149182133125,"Model:  expressions = 115950, decisions = 900, constraints = 901, objectives = 3
Param:  time limit = 15 sec, no iteration limit

[objective directions]:     maximize |     minimize |     minimize
",manhattan,"(10000.0, 10000.0)",32400,61200,True,False,True,True,each delivery in a trip requires trip departure from depot >= its ready_time,arrival,300,0.0,2,2
3,12,125,84,0.5980861244019139,211.0,348.0,0.6063218390804598,375.7583579711914,54169.0,12,10.416666666666666,6.12681636642382,1.7686595392150988,6410.083333333333,1507.6230815626982,435.2132959883585,106.83472222222221,25.127051359378303,7.253554933139308,1.7805787037037035,0.41878418932297173,0.12089258221898846,"Model:  expressions = 115160, decisions = 900, constraints = 901, objectives = 3
Param:  time limit = 15 sec, no iteration limit

[objective directions]:     maximize |     minimize |     minimize
",manhattan,"(10000.0, 10000.0)",32400,61200,True,False,True,True,each delivery in a trip requires trip departure from depot >= its ready_time,arrival,300,0.0,2,3
3,15,120,85,0.5853658536585366,205.0,338.0,0.606508875739645,409.3231940116883,59011.0,15,8.0,4.6291004988627575,1.1952286093343936,5414.733333333334,1930.0873209952617,498.34640339604914,90.24555555555555,32.168122016587695,8.305773389934153,1.5040925925925928,0.5361353669431282,0.13842955649890254,"Model:  expressions = 114280, decisions = 900, constraints = 901, objectives = 3
Param:  time limit = 15 sec, no iteration limit

[objective directions]:     maximize |     minimize |     minimize
",manhattan,"(10000.0, 10000.0)",32400,61200,True,False,True,True,each delivery in a trip requires trip departure from depot >= its ready_time,arrival,300,0.0,2,4
3,10,130,71,0.6467661691542289,211.0,330.0,0.6393939393939394,377.168538482666,54383.0,10,13.0,7.378647873726218,2.333333333333333,7788.8,2467.624714848944,780.3314509446183,129.81333333333333,41.127078580815734,13.005524182410305,2.1635555555555555,0.6854513096802622,0.21675873637350507,"Model:  expressions = 113482, decisions = 900, constraints = 901, objectives = 3
Param:  time limit = 15 sec, no iteration limit

[objective directions]:     maximize |     minimize |     minimize
",manhattan,"(10000.0, 10000.0)",32400,61200,True,False,True,True,each delivery in a trip requires trip departure from depot >= its ready_time,arrival,300,0.0,2,5
3,13,123,79,0.6089108910891089,208.0,337.0,0.6172106824925816,362.7915304260255,52315.0,13,9.461538461538462,6.437072116723366,1.785322583131201,5734.307692307692,2205.782453182823,611.7739798053395,95.57179487179488,36.76304088638038,10.19623299675566,1.5928632478632478,0.6127173481063397,0.1699372166125943,"Model:  expressions = 113571, decisions = 900, constraints = 901, objectives = 3
Param:  time limit = 15 sec, no iteration limit

[objective directions]:     maximize |     minimize |     minimize
",manhattan,"(10000.0, 10000.0)",32400,61200,True,False,True,True,each delivery in a trip requires trip departure from depot >= its ready_time,arrival,300,0.0,2,6
3,14,130,77,0.6280193236714976,226.0,350.0,0.6457142857142857,396.125709815979,57112.0,14,9.285714285714286,6.988216141131071,1.86767932463114,5799.714285714285,2342.4185866673865,626.0377005514716,96.66190476190475,39.04030977778977,10.43396167585786,1.6110317460317458,0.6506718296298296,0.17389936126429767,"Model:  expressions = 114617, decisions = 900, constraints = 901, objectives = 3
Param:  time limit = 15 sec, no iteration limit

[objective directions]:     maximize |     minimize |     minimize
",manhattan,"(10000.0, 10000.0)",32400,61200,True,False,True,True,each delivery in a trip requires trip departure from depot >= its ready_time,arrival,300,0.0,2,7
3,13,131,86,0.6036866359447005,225.0,368.0,0.6114130434782609,363.74595935058596,52457.0,13,10.076923076923077,5.634144987803362,1.562630665147958,5882.615384615385,1474.20139614988,408.8699018599226,98.04358974358975,24.57002326916467,6.814498364332043,1.6340598290598292,0.4095003878194111,0.1135749727388674,"Model:  expressions = 116775, decisions = 900, constraints = 901, objectives = 3
Param:  time limit = 15 sec, no iteration limit

[objective directions]:     maximize |     minimize |     minimize
",manhattan,"(10000.0, 10000.0)",32400,61200,True,False,True,True,each delivery in a trip requires trip departure from depot >= its ready_time,arrival,300,0.0,2,8
3,10,124,59,0.6775956284153005,209.0,314.0,0.6656050955414012,323.8102958984375,46695.0,10,12.4,5.853773711604051,1.8511257835886425,7014.1,2477.8973366770288,783.5799391964493,116.90166666666667,41.29828894461715,13.059665653274156,1.9483611111111112,0.6883048157436191,0.21766109422123592,"Model:  expressions = 109618, decisions = 900, constraints = 901, objectives = 3
Param:  time limit = 15 sec, no iteration limit

[objective directions]:     maximize |     minimize |     minimize
",manhattan,"(10000.0, 10000.0)",32400,61200,True,False,True,True,each delivery in a trip requires trip departure from depot >= its ready_time,arrival,300,0.0,2,9
3,11,126,61,0.6737967914438503,207.0,311.0,0.6655948553054662,356.7308905029297,51434.0,11,11.454545454545455,7.216143518024519,2.1757491347856863,6737.636363636364,2200.824267074828,663.5734839451026,112.2939393939394,36.680404451247135,11.059558065751709,1.8715656565656567,0.6113400741874523,0.1843259677625285,"Model:  expressions = 110462, decisions = 900, constraints = 901, objectives = 3
Param:  time limit = 15 sec, no iteration limit

[objective directions]:     maximize |     minimize |     minimize
",manhattan,"(10000.0, 10000.0)",32400,61200,True,False,True,True,each delivery in a trip requires trip departure from depot >= its ready_time,arrival,300,0.0,2,10
3,14,129,75,0.6323529411764706,218.0,343.0,0.6355685131195336,404.5166667556763,58319.0,14,9.214285714285714,5.264957760493452,1.4071191496859365,5929.928571428572,1445.859204991738,386.42212675660244,98.83214285714286,24.097653416528964,6.4403687792767075,1.647202380952381,0.4016275569421494,0.10733947965461178,"Model:  expressions = 113891, decisions = 900, constraints = 901, objectives = 3
Param:  time limit = 15 sec, no iteration limit

[objective directions]:     maximize |     minimize |     minimize
",manhattan,"(10000.0, 10000.0)",32400,61200,True,False,True,True,each delivery in a trip requires trip departure from depot >= its ready_time,arrival,300,0.0,2,11
3,12,129,72,0.6417910447761194,222.0,345.0,0.6434782608695652,362.2357099761963,52232.0,12,10.75,5.327885475154626,1.5380280566460103,6287.666666666667,2014.4282894492258,581.5153575883539,104.79444444444445,33.57380482415376,9.691922626472566,1.746574074074074,0.559563413735896,0.16153204377454275,"Model:  expressions = 113368, decisions = 900, constraints = 901, objectives = 3
Param:  time limit = 15 sec, no iteration limit

[objective directions]:     maximize |     minimize |     minimize
",manhattan,"(10000.0, 10000.0)",32400,61200,True,False,True,True,each delivery in a trip requires trip departure from depot >= its ready_time,arrival,300,0.0,2,12
3,11,119,64,0.6502732240437158,207.0,317.0,0.6529968454258676,368.76371047973635,53170.0,11,10.818181818181818,3.4876405152533088,1.0515631811579094,6932.090909090909,1214.811051525747,366.27931355345487,115.53484848484848,20.24685085876245,6.104655225890914,1.9255808080808081,0.3374475143127075,0.10174425376484858,"Model:  expressions = 109693, decisions = 900, constraints = 901, objectives = 3
Param:  time limit = 15 sec, no iteration limit

[objective directions]:     maximize |     minimize |     minimize
",manhattan,"(10000.0, 10000.0)",32400,61200,True,False,True,True,each delivery in a trip requires trip departure from depot >= its ready_time,arrival,300,0.0,2,13
3,13,122,53,0.6971428571428572,209.0,301.0,0.6943521594684385,378.72167016601554,54598.0,13,9.384615384615385,5.545846216440757,1.5381409922473162,5894.076923076923,2915.944628576317,808.737528826593,98.23461538461538,48.59907714293862,13.47895881377655,1.6372435897435897,0.8099846190489769,0.22464931356294252,"Model:  expressions = 108206, decisions = 900, constraints = 901, objectives = 3
Param:  time limit = 15 sec, no iteration limit

[objective directions]:     maximize |     minimize |     minimize
",manhattan,"(10000.0, 10000.0)",32400,61200,True,False,True,True,each delivery in a trip requires trip departure from depot >= its ready_time,arrival,300,0.0,2,14
3,13,136,87,0.6098654708520179,233.0,369.0,0.6314363143631436,375.15092578124995,54099.0,13,10.461538461538462,5.379209740835306,1.4919243493890042,6065.461538461538,1662.6748336833941,461.1430282514645,101.09102564102564,27.711247228056568,7.685717137524408,1.6848504273504272,0.4618541204676095,0.1280952856254068,"Model:  expressions = 118125, decisions = 900, constraints = 901, objectives = 3
Param:  time limit = 15 sec, no iteration limit

[objective directions]:     maximize |     minimize |     minimize
",manhattan,"(10000.0, 10000.0)",32400,61200,True,False,True,True,each delivery in a trip requires trip departure from depot >= its ready_time,arrival,300,0.0,2,15
3,12,116,55,0.6783625730994152,199.0,292.0,0.6815068493150684,368.5191221580505,53137.0,12,9.666666666666666,5.210711578231437,1.5042028661807099,6199.333333333333,2048.3805280950087,591.3165246492206,103.32222222222222,34.13967546825015,9.855275410820344,1.722037037037037,0.5689945911375024,0.16425459018033906,"Model:  expressions = 107527, decisions = 900, constraints = 901, objectives = 3
Param:  time limit = 15 sec, no iteration limit

[objective directions]:     maximize |     minimize |     minimize
",manhattan,"(10000.0, 10000.0)",32400,61200,True,False,True,True,each delivery in a trip requires trip departure from depot >= its ready_time,arrival,300,0.0,2,16
3,13,126,74,0.63,214.0,333.0,0.6426426426426426,378.1992339172363,54528.0,13,9.692307692307692,5.750139351711623,1.5948017133584247,5939.461538461538,2214.880155350195,614.2972283940595,98.99102564102563,36.91466925583658,10.238287139900992,1.6498504273504273,0.6152444875972763,0.17063811899834985,"Model:  expressions = 113204, decisions = 900, constraints = 901, objectives = 3
Param:  time limit = 15 sec, no iteration limit

[objective directions]:     maximize |     minimize |     minimize
",manhattan,"(10000.0, 10000.0)",32400,61200,True,False,True,True,each delivery in a trip requires trip departure from depot >= its ready_time,arrival,300,0.0,2,17
3,10,130,62,0.6770833333333334,218.0,317.0,0.6876971608832808,362.14124557495114,52214.0,10,13.0,6.749485577105529,2.134374745810949,7563.4,2253.52751628789,712.6279721331929,126.05666666666666,37.558791938131506,11.877132868886548,2.1009444444444445,0.6259798656355251,0.19795221448144246,"Model:  expressions = 111498, decisions = 900, constraints = 901, objectives = 3
Param:  time limit = 15 sec, no iteration limit

[objective directions]:     maximize |     minimize |     minimize
",manhattan,"(10000.0, 10000.0)",32400,61200,True,False,True,True,each delivery in a trip requires trip departure from depot >= its ready_time,arrival,300,0.0,2,18
3,12,135,69,0.6617647058823529,226.0,344.0,0.6569767441860465,364.1603786621094,52514.0,12,11.25,7.794228634059948,2.25,6401.166666666667,2977.4605968947103,859.5188385593325,106.68611111111112,49.624343281578504,14.325313975988875,1.7781018518518519,0.8270723880263084,0.2387552329331479,"Model:  expressions = 113997, decisions = 900, constraints = 901, objectives = 3
Param:  time limit = 15 sec, no iteration limit

[objective directions]:     maximize |     minimize |     minimize
",manhattan,"(10000.0, 10000.0)",32400,61200,True,False,True,True,each delivery in a trip requires trip departure from depot >= its ready_time,arrival,300,0.0,2,19
3,12,124,86,0.5904761904761905,212.0,358.0,0.5921787709497207,332.7616759033203,47980.0,12,10.333333333333334,5.228129047119374,1.5092308563562362,5950.75,2120.127574420507,612.028112904014,99.17916666666666,35.33545957367512,10.200468548400234,1.652986111111111,0.5889243262279186,0.1700078091400039,"Model:  expressions = 115297, decisions = 900, constraints = 901, objectives = 3
Param:  time limit = 15 sec, no iteration limit

[objective directions]:     maximize |     minimize |     minimize
",manhattan,"(10000.0, 10000.0)",32400,61200,True,False,True,True,each delivery in a trip requires trip departure from depot >= its ready_time,arrival,300,0.0,2,20
3,12,129,83,0.6084905660377359,212.0,341.0,0.6217008797653959,383.2521729736328,55261.0,12,10.75,4.180582821482278,1.2068303086761594,6574.833333333333,1918.50987787792,553.8260972178866,109.58055555555555,31.975164631298664,9.230434953631443,1.8263425925925925,0.5329194105216445,0.15384058256052408,"Model:  expressions = 115745, decisions = 900, constraints = 901, objectives = 3
Param:  time limit = 15 sec, no iteration limit

[objective directions]:     maximize |     minimize |     minimize
",manhattan,"(10000.0, 10000.0)",32400,61200,True,False,True,True,each delivery in a trip requires trip departure from depot >= its ready_time,arrival,300,0.0,2,21
3,12,120,77,0.6091370558375635,210.0,334.0,0.6287425149700598,360.57251147460937,51988.0,12,10.0,6.120011883529758,1.766695254199807,6172.416666666667,1918.5006673457428,553.8234383662707,102.87361111111112,31.97501112242905,9.230390639437845,1.7145601851851853,0.5329168520404841,0.15383984399063075,"Model:  expressions = 112558, decisions = 900, constraints = 901, objectives = 3
Param:  time limit = 15 sec, no iteration limit

[objective directions]:     maximize |     minimize |     minimize
",manhattan,"(10000.0, 10000.0)",32400,61200,True,False,True,True,each delivery in a trip requires trip departure from depot >= its ready_time,arrival,300,0.0,2,22
3,13,121,71,0.6302083333333334,207.0,324.0,0.6388888888888888,368.1359420623779,53074.0,13,9.307692307692308,6.10170215847752,1.6923076923076925,5910.153846153846,2597.8650480139086,720.5181259499897,98.5025641025641,43.29775080023181,12.008635432499828,1.6417094017094016,0.7216291800038634,0.20014392387499713,"Model:  expressions = 111462, decisions = 900, constraints = 901, objectives = 3
Param:  time limit = 15 sec, no iteration limit

[objective directions]:     maximize |     minimize |     minimize
",manhattan,"(10000.0, 10000.0)",32400,61200,True,False,True,True,each delivery in a trip requires trip departure from depot >= its ready_time,arrival,300,0.0,2,23
3,11,120,83,0.5911330049261084,208.0,340.0,0.611764705882353,350.22251977539065,50496.0,11,10.909090909090908,6.700067842261681,2.020146463882555,6554.181818181818,2876.4892079819047,867.2941287620505,109.23636363636363,47.94148679969841,14.454902146034176,1.8206060606060606,0.7990247799949736,0.24091503576723625,"Model:  expressions = 113746, decisions = 900, constraints = 901, objectives = 3
Param:  time limit = 15 sec, no iteration limit

[objective directions]:     maximize |     minimize |     minimize
",manhattan,"(10000.0, 10000.0)",32400,61200,True,False,True,True,each delivery in a trip requires trip departure from depot >= its ready_time,arrival,300,0.0,2,24
3,11,129,72,0.6417910447761194,212.0,330.0,0.6424242424242425,359.6007612304688,51849.0,11,11.727272727272727,5.6761062197761785,1.7114104182909227,6879.0,2035.3470957062827,613.6802395088474,114.65,33.92245159510471,10.228003991814123,1.9108333333333334,0.5653741932517452,0.17046673319690206,"Model:  expressions = 113303, decisions = 900, constraints = 901, objectives = 3
Param:  time limit = 15 sec, no iteration limit

[objective directions]:     maximize |     minimize |     minimize
",manhattan,"(10000.0, 10000.0)",32400,61200,True,False,True,True,each delivery in a trip requires trip departure from depot >= its ready_time,arrival,300,0.0,2,25
3,13,126,81,0.6086956521739131,213.0,347.0,0.6138328530259366,349.8774624023438,50451.0,13,9.692307692307692,6.447022767456508,1.7880823970883224,5625.461538461538,2747.7759678021002,762.095934261397,93.7576923076923,45.796266130035,12.701598904356617,1.562628205128205,0.76327110216725,0.21169331507261027,"Model:  expressions = 114792, decisions = 900, constraints = 901, objectives = 3
Param:  time limit = 15 sec, no iteration limit

[objective directions]:     maximize |     minimize |     minimize
",manhattan,"(10000.0, 10000.0)",32400,61200,True,False,True,True,each delivery in a trip requires trip departure from depot >= its ready_time,arrival,300,0.0,2,26
3,13,127,56,0.6939890710382514,213.0,310.0,0.6870967741935484,372.3878856048584,53695.0,13,9.76923076923077,6.139406135149205,1.7027648939368198,6021.846153846154,2436.6265219955862,675.7986049392747,100.36410256410257,40.61044203325977,11.263310082321246,1.672735042735043,0.6768407005543295,0.18772183470535408,"Model:  expressions = 109607, decisions = 900, constraints = 901, objectives = 3
Param:  time limit = 15 sec, no iteration limit

[objective directions]:     maximize |     minimize |     minimize
",manhattan,"(10000.0, 10000.0)",32400,61200,True,False,True,True,each delivery in a trip requires trip departure from depot >= its ready_time,arrival,300,0.0,2,27
3,12,133,91,0.59375,217.0,366.0,0.592896174863388,360.02725317382817,51920.0,12,11.083333333333334,5.680242205676754,1.6397446832548737,6333.25,1904.0386323907305,549.6486084791176,105.55416666666666,31.733977206512176,9.160810141318626,1.759236111111111,0.5288996201085363,0.1526801690219771,"Model:  expressions = 118474, decisions = 900, constraints = 901, objectives = 3
Param:  time limit = 15 sec, no iteration limit

[objective directions]:     maximize |     minimize |     minimize
",manhattan,"(10000.0, 10000.0)",32400,61200,True,False,True,True,each delivery in a trip requires trip departure from depot >= its ready_time,arrival,300,0.0,2,28
3,12,127,86,0.596244131455399,212.0,351.0,0.603988603988604,374.3229674377442,53970.0,12,10.583333333333334,6.653206107971668,1.9206151687057524,6531.916666666667,2592.3892264695032,748.3583088732267,108.86527777777778,43.206487107825055,12.472638481220446,1.8144212962962964,0.7201081184637509,0.20787730802034077,"Model:  expressions = 116014, decisions = 900, constraints = 901, objectives = 3
Param:  time limit = 15 sec, no iteration limit

[objective directions]:     maximize |     minimize |     minimize
",manhattan,"(10000.0, 10000.0)",32400,61200,True,False,True,True,each delivery in a trip requires trip departure from depot >= its ready_time,arrival,300,0.0,2,29
3,12,130,55,0.7027027027027027,219.0,316.0,0.6930379746835443,374.442657409668,53994.0,12,10.833333333333334,6.235285709475379,1.7999719414199185,6451.583333333333,2598.5919074597214,750.1488686429267,107.52638888888889,43.30986512432869,12.502481144048778,1.7921064814814813,0.7218310854054781,0.2083746857341463,"Model:  expressions = 110131, decisions = 900, constraints = 901, objectives = 3
Param:  time limit = 15 sec, no iteration limit

[objective directions]:     maximize |     minimize |     minimize
",manhattan,"(10000.0, 10000.0)",32400,61200,True,False,True,True,each delivery in a trip requires trip departure from depot >= its ready_time,arrival,300,0.0,2,30
3,12,127,71,0.6414141414141414,215.0,333.0,0.6456456456456456,367.7797152709961,53027.0,12,10.583333333333334,6.501165396692466,1.8767247959133377,6387.833333333333,2162.1714604171484,624.1651373529835,106.46388888888889,36.03619100695247,10.40275228921639,1.7743981481481481,0.6006031834492079,0.1733792048202732,"Model:  expressions = 112576, decisions = 900, constraints = 901, objectives = 3
Param:  time limit = 15 sec, no iteration limit

[objective directions]:     maximize |     minimize |     minimize
",manhattan,"(10000.0, 10000.0)",32400,61200,True,False,True,True,each delivery in a trip requires trip departure from depot >= its ready_time,arrival,300,0.0,2,31
3,11,127,83,0.6047619047619047,214.0,347.0,0.6167146974063401,363.50545299530035,52412.0,11,11.545454545454545,5.888355226438642,1.7754059016750168,6842.909090909091,1713.2572167976095,516.5664870442043,114.04848484848485,28.554286946626824,8.609441450736739,1.9008080808080807,0.4759047824437804,0.1434906908456123,"Model:  expressions = 115221, decisions = 900, constraints = 901, objectives = 3
Param:  time limit = 15 sec, no iteration limit

[objective directions]:     maximize |     minimize |     minimize
",manhattan,"(10000.0, 10000.0)",32400,61200,True,False,True,True,each delivery in a trip requires trip departure from depot >= its ready_time,arrival,300,0.0,2,32
3,10,131,65,0.6683673469387755,221.0,328.0,0.6737804878048781,366.20479740142815,52803.0,10,13.1,4.886489310105751,1.545243598199901,7638.3,1752.4998684419033,554.1891183421855,127.305,29.208331140698387,9.236485305703091,2.12175,0.4868055190116398,0.15394142176171818,"Model:  expressions = 112373, decisions = 900, constraints = 901, objectives = 3
Param:  time limit = 15 sec, no iteration limit

[objective directions]:     maximize |     minimize |     minimize
",manhattan,"(10000.0, 10000.0)",32400,61200,True,False,True,True,each delivery in a trip requires trip departure from depot >= its ready_time,arrival,300,0.0,2,33
3,14,132,85,0.6082949308755761,223.0,359.0,0.6211699164345403,388.8008406982422,56062.0,14,9.428571428571429,6.6066899161646475,1.7657121519244547,5889.642857142857,2518.951234973759,673.2180353759219,98.16071428571428,41.98252058289598,11.220300589598699,1.6360119047619046,0.6997086763815996,0.18700500982664497,"Model:  expressions = 116787, decisions = 900, constraints = 901, objectives = 3
Param:  time limit = 15 sec, no iteration limit

[objective directions]:     maximize |     minimize |     minimize
",manhattan,"(10000.0, 10000.0)",32400,61200,True,False,True,True,each delivery in a trip requires trip departure from depot >= its ready_time,arrival,300,0.0,2,34
3,11,130,74,0.6372549019607843,223.0,347.0,0.6426512968299711,353.99639706420896,51041.0,11,11.818181818181818,4.8128615566663004,1.4511323592170848,6789.090909090909,1633.9893790686313,492.6663347087681,113.15151515151516,27.233156317810522,8.211105578479469,1.885858585858586,0.45388593863017535,0.13685175964132448,"Model:  expressions = 113974, decisions = 900, constraints = 901, objectives = 3
Param:  time limit = 15 sec, no iteration limit

[objective directions]:     maximize |     minimize |     minimize
",manhattan,"(10000.0, 10000.0)",32400,61200,True,False,True,True,each delivery in a trip requires trip departure from depot >= its ready_time,arrival,300,0.0,2,35
3,11,125,92,0.576036866359447,215.0,362.0,0.5939226519337016,336.62818737792963,48545.0,11,11.363636363636363,5.3716427147145085,1.6196112175049198,6971.454545454545,2116.4561589428854,638.1355422227584,116.19090909090909,35.274269315714754,10.635592370379307,1.9365151515151513,0.5879044885952459,0.1772598728396551,"Model:  expressions = 116829, decisions = 900, constraints = 901, objectives = 3
Param:  time limit = 15 sec, no iteration limit

[objective directions]:     maximize |     minimize |     minimize
",manhattan,"(10000.0, 10000.0)",32400,61200,True,False,True,True,each delivery in a trip requires trip departure from depot >= its ready_time,arrival,300,0.0,2,36
3,12,127,82,0.6076555023923444,217.0,355.0,0.6112676056338028,329.3154378814697,47493.0,12,10.583333333333334,5.142661732699294,1.4845585678625624,6432.5,1409.9721144889227,407.0238899250227,107.20833333333333,23.499535241482043,6.783731498750378,1.7868055555555555,0.39165892069136743,0.11306219164583964,"Model:  expressions = 114896, decisions = 900, constraints = 901, objectives = 3
Param:  time limit = 15 sec, no iteration limit

[objective directions]:     maximize |     minimize |     minimize
",manhattan,"(10000.0, 10000.0)",32400,61200,True,False,True,True,each delivery in a trip requires trip departure from depot >= its ready_time,arrival,300,0.0,2,37
3,12,117,67,0.6358695652173914,199.0,302.0,0.6589403973509934,370.30243515014644,53383.0,12,9.75,6.7705914875222755,1.9545014089469874,6234.583333333333,2740.598689017132,791.1426954223883,103.90972222222221,45.6766448169522,13.185711590373138,1.7318287037037037,0.76127741361587,0.21976185983955232,"Model:  expressions = 110063, decisions = 900, constraints = 901, objectives = 3
Param:  time limit = 15 sec, no iteration limit

[objective directions]:     maximize |     minimize |     minimize
",manhattan,"(10000.0, 10000.0)",32400,61200,True,False,True,True,each delivery in a trip requires trip departure from depot >= its ready_time,arrival,300,0.0,2,38
3,13,127,62,0.671957671957672,208.0,310.0,0.6709677419354839,389.457613494873,56151.0,13,9.76923076923077,6.918018094727302,1.91871299731746,6127.307692307692,2517.0120971969723,698.093552108218,102.12179487179488,41.95020161994954,11.634892535136967,1.7020299145299145,0.699170026999159,0.1939148755856161,"Model:  expressions = 110840, decisions = 900, constraints = 901, objectives = 3
Param:  time limit = 15 sec, no iteration limit

[objective directions]:     maximize |     minimize |     minimize
",manhattan,"(10000.0, 10000.0)",32400,61200,True,False,True,True,each delivery in a trip requires trip departure from depot >= its ready_time,arrival,300,0.0,2,39
3,15,130,70,0.65,211.0,324.0,0.6512345679012346,406.49349490356445,58610.0,15,8.666666666666666,5.899959644736887,1.5233630298241194,5475.666666666667,2164.9172094584874,558.9792198767037,91.26111111111112,36.08195349097479,9.316320331278396,1.5210185185185185,0.6013658915162465,0.1552720055213066,"Model:  expressions = 113200, decisions = 900, constraints = 901, objectives = 3
Param:  time limit = 15 sec, no iteration limit

[objective directions]:     maximize |     minimize |     minimize
",manhattan,"(10000.0, 10000.0)",32400,61200,True,False,True,True,each delivery in a trip requires trip departure from depot >= its ready_time,arrival,300,0.0,2,40
3,13,133,76,0.6363636363636364,217.0,343.0,0.6326530612244898,382.41579138183596,55143.0,13,10.23076923076923,6.869665762779707,1.905302473307821,6133.153846153846,2138.7970858309523,593.1955815981887,102.21923076923076,35.64661809718254,9.88659302663648,1.703653846153846,0.594110301619709,0.16477655044394132,"Model:  expressions = 115123, decisions = 900, constraints = 901, objectives = 3
Param:  time limit = 15 sec, no iteration limit

[objective directions]:     maximize |     minimize |     minimize
",manhattan,"(10000.0, 10000.0)",32400,61200,True,False,True,True,each delivery in a trip requires trip departure from depot >= its ready_time,arrival,300,0.0,2,41
3,11,136,84,0.6181818181818182,230.0,365.0,0.6301369863013698,355.61750579833983,51285.0,11,12.363636363636363,5.852738286865855,1.7646669903346808,7032.454545454545,1940.2084096115223,584.9948463430544,117.20757575757575,32.336806826858705,9.749914105717574,1.953459595959596,0.5389467804476451,0.16249856842862623,"Model:  expressions = 117479, decisions = 900, constraints = 901, objectives = 3
Param:  time limit = 15 sec, no iteration limit

[objective directions]:     maximize |     minimize |     minimize
",manhattan,"(10000.0, 10000.0)",32400,61200,True,False,True,True,each delivery in a trip requires trip departure from depot >= its ready_time,arrival,300,0.0,2,42
3,14,126,62,0.6702127659574468,215.0,309.0,0.6957928802588996,399.8306981811523,57642.0,14,9.0,5.173898991015458,1.3827826698682306,5761.0,1848.5274388841765,494.0397390253782,96.01666666666667,30.808790648069607,8.23399565042297,1.6002777777777777,0.5134798441344934,0.13723326084038284,"Model:  expressions = 110691, decisions = 900, constraints = 901, objectives = 3
Param:  time limit = 15 sec, no iteration limit

[objective directions]:     maximize |     minimize |     minimize
",manhattan,"(10000.0, 10000.0)",32400,61200,True,False,True,True,each delivery in a trip requires trip departure from depot >= its ready_time,arrival,300,0.0,2,43
3,13,117,79,0.5969387755102041,208.0,331.0,0.6283987915407855,348.55987219238284,50259.0,13,9.0,5.066228051190222,1.405118847058488,5486.076923076923,2197.1111890214106,609.3690038394114,91.43461538461538,36.61851981702351,10.156150063990191,1.5239102564102565,0.6103086636170585,0.16926916773316986,"Model:  expressions = 112278, decisions = 900, constraints = 901, objectives = 3
Param:  time limit = 15 sec, no iteration limit

[objective directions]:     maximize |     minimize |     minimize
",manhattan,"(10000.0, 10000.0)",32400,61200,True,False,True,True,each delivery in a trip requires trip departure from depot >= its ready_time,arrival,300,0.0,2,44
3,14,133,91,0.59375,233.0,383.0,0.608355091383812,378.4032908935547,54561.0,14,9.5,6.8134482402875065,1.8209706384052615,5607.214285714285,2560.143661190533,684.2271743640028,93.45357142857142,42.66906101984221,11.403786239400047,1.5575595238095237,0.7111510169973703,0.1900631039900008,"Model:  expressions = 118477, decisions = 900, constraints = 901, objectives = 3
Param:  time limit = 15 sec, no iteration limit

[objective directions]:     maximize |     minimize |     minimize
",manhattan,"(10000.0, 10000.0)",32400,61200,True,False,True,True,each delivery in a trip requires trip departure from depot >= its ready_time,arrival,300,0.0,2,45
3,12,124,81,0.6048780487804878,208.0,340.0,0.611764705882353,360.4308609619141,51971.0,12,10.333333333333334,5.913518155015419,1.7070856493279458,6215.583333333333,2168.733080450986,626.0593138994116,103.59305555555555,36.14555134084977,10.434321898323526,1.7265509259259257,0.6024258556808295,0.17390536497205877,"Model:  expressions = 114148, decisions = 900, constraints = 901, objectives = 3
Param:  time limit = 15 sec, no iteration limit

[objective directions]:     maximize |     minimize |     minimize
",manhattan,"(10000.0, 10000.0)",32400,61200,True,False,True,True,each delivery in a trip requires trip departure from depot >= its ready_time,arrival,300,0.0,2,46
3,12,128,72,0.64,211.0,337.0,0.6261127596439169,355.8971419219971,51321.0,12,10.666666666666666,6.813533769215679,1.966897777894639,6242.0,2829.089702617177,816.6878506838127,104.03333333333333,47.15149504361962,13.611464178063546,1.7338888888888888,0.7858582507269936,0.2268577363010591,"Model:  expressions = 113224, decisions = 900, constraints = 901, objectives = 3
Param:  time limit = 15 sec, no iteration limit

[objective directions]:     maximize |     minimize |     minimize
",manhattan,"(10000.0, 10000.0)",32400,61200,True,False,True,True,each delivery in a trip requires trip departure from depot >= its ready_time,arrival,300,0.0,2,47
3,12,132,63,0.676923076923077,209.0,316.0,0.6613924050632911,387.5897513122558,55885.0,12,11.0,7.804427647758092,2.2529442016520465,6667.916666666667,3032.9509619970427,875.5375271739636,111.13194444444444,50.54918269995071,14.592292119566059,1.8521990740740741,0.8424863783325118,0.24320486865943433,"Model:  expressions = 112146, decisions = 900, constraints = 901, objectives = 3
Param:  time limit = 15 sec, no iteration limit

[objective directions]:     maximize |     minimize |     minimize
",manhattan,"(10000.0, 10000.0)",32400,61200,True,False,True,True,each delivery in a trip requires trip departure from depot >= its ready_time,arrival,300,0.0,2,48
3,11,126,66,0.65625,208.0,318.0,0.6540880503144654,358.5366682128906,51694.0,11,11.454545454545455,5.007267445696033,1.5097479402122749,6761.272727272727,1891.2438283261677,570.23146960302,112.68787878787879,31.520730472102795,9.503857826716999,1.878131313131313,0.5253455078683799,0.15839763044528332,"Model:  expressions = 111494, decisions = 900, constraints = 901, objectives = 3
Param:  time limit = 15 sec, no iteration limit

[objective directions]:     maximize |     minimize |     minimize
",manhattan,"(10000.0, 10000.0)",32400,61200,True,False,True,True,each delivery in a trip requires trip departure from depot >= its ready_time,arrival,300,0.0,2,49
3,9,128,65,0.6632124352331606,212.0,319.0,0.664576802507837,320.8716528930664,46272.0,9,14.222222222222221,8.257992761224996,2.7526642537416652,7778.222222222223,3002.455777267077,1000.818592422359,129.63703703703703,50.04092962111795,16.680309873705983,2.1606172839506175,0.8340154936852991,0.2780051645617664,"Model:  expressions = 111637, decisions = 900, constraints = 901, objectives = 3
Param:  time limit = 15 sec, no iteration limit

[objective directions]:     maximize |     minimize |     minimize
",manhattan,"(10000.0, 10000.0)",32400,61200,True,False,True,True,each delivery in a trip requires trip departure from depot >= its ready_time,arrival,300,0.0,2,50
3,11,134,78,0.6320754716981132,223.0,361.0,0.6177285318559557,385.4707941894531,55579.0,11,12.181818181818182,7.250078369482386,2.1859808774767946,7245.363636363636,2308.806153522953,696.1312477181201,120.7560606060606,38.480102558715885,11.602187461968668,2.01260101010101,0.6413350426452648,0.19336979103281113,"Model:  expressions = 115727, decisions = 900, constraints = 901, objectives = 3
Param:  time limit = 15 sec, no iteration limit

[objective directions]:     maximize |     minimize |     minimize
",manhattan,"(10000.0, 10000.0)",32400,61200,True,False,True,True,each delivery in a trip requires trip departure from depot >= its ready_time,arrival,300,0.0,2,51
3,12,121,71,0.6302083333333334,208.0,324.0,0.6419753086419753,345.3882071228027,49798.0,12,10.083333333333334,5.5670839981469875,1.6070787224657108,6078.083333333333,2054.919616137789,593.2041967700975,101.30138888888888,34.24866026896315,9.886736612834959,1.6883564814814813,0.5708110044827192,0.1647789435472493,"Model:  expressions = 111571, decisions = 900, constraints = 901, objectives = 3
Param:  time limit = 15 sec, no iteration limit

[objective directions]:     maximize |     minimize |     minimize
",manhattan,"(10000.0, 10000.0)",32400,61200,True,False,True,True,each delivery in a trip requires trip departure from depot >= its ready_time,arrival,300,0.0,2,52
3,13,132,69,0.6567164179104478,216.0,330.0,0.6545454545454545,362.30808050537104,52243.0,13,10.153846153846153,5.5203585911024815,1.531071996859088,5922.2307692307695,2067.0344761616884,573.2922147656011,98.70384615384616,34.45057460269481,9.554870246093351,1.6450641025641026,0.5741762433782468,0.15924783743488918,"Model:  expressions = 113415, decisions = 900, constraints = 901, objectives = 3
Param:  time limit = 15 sec, no iteration limit

[objective directions]:     maximize |     minimize |     minimize
",manhattan,"(10000.0, 10000.0)",32400,61200,True,False,True,True,each delivery in a trip requires trip departure from depot >= its ready_time,arrival,300,0.0,2,53
3,11,123,72,0.6307692307692307,210.0,326.0,0.6441717791411042,343.81857418823245,49575.0,11,11.181818181818182,5.546497666423052,1.6723319691006429,6596.454545454545,1786.9526218473932,538.7864877099676,109.94090909090909,29.782543697456553,8.979774795166126,1.8323484848484848,0.49637572829094256,0.14966291325276876,"Model:  expressions = 112183, decisions = 900, constraints = 901, objectives = 3
Param:  time limit = 15 sec, no iteration limit

[objective directions]:     maximize |     minimize |     minimize
",manhattan,"(10000.0, 10000.0)",32400,61200,True,False,True,True,each delivery in a trip requires trip departure from depot >= its ready_time,arrival,300,0.0,2,54
3,11,131,81,0.6179245283018868,227.0,354.0,0.6412429378531074,350.1980929260254,50497.0,11,11.909090909090908,7.161767176536046,2.1593540509502773,6734.363636363636,2635.9956476719485,794.7825920307021,112.23939393939393,43.93326079453247,13.246376533845034,1.8706565656565655,0.7322210132422079,0.22077294223075059,"Model:  expressions = 115655, decisions = 900, constraints = 901, objectives = 3
Param:  time limit = 15 sec, no iteration limit

[objective directions]:     maximize |     minimize |     minimize
",manhattan,"(10000.0, 10000.0)",32400,61200,True,False,True,True,each delivery in a trip requires trip departure from depot >= its ready_time,arrival,300,0.0,2,55
3,12,135,80,0.627906976744186,229.0,362.0,0.6325966850828729,354.14811010742187,51067.0,12,11.25,5.065480323630811,1.4622782142115007,6280.583333333333,1527.6715769332416,441.0007980878736,104.67638888888888,25.46119294888736,7.35001330146456,1.7446064814814815,0.4243532158147893,0.122500221691076,"Model:  expressions = 116425, decisions = 900, constraints = 901, objectives = 3
Param:  time limit = 15 sec, no iteration limit

[objective directions]:     maximize |     minimize |     minimize
",manhattan,"(10000.0, 10000.0)",32400,61200,True,False,True,True,each delivery in a trip requires trip departure from depot >= its ready_time,arrival,300,0.0,2,56
3,12,125,77,0.6188118811881188,214.0,340.0,0.6294117647058823,362.7539597167969,52303.0,12,10.416666666666666,6.680478117529304,1.9284879197354743,6289.083333333333,3007.0028405928274,868.0469497351191,104.81805555555555,50.116714009880454,14.467449162251986,1.7469675925925925,0.8352785668313409,0.24112415270419976,"Model:  expressions = 113599, decisions = 900, constraints = 901, objectives = 3
Param:  time limit = 15 sec, no iteration limit

[objective directions]:     maximize |     minimize |     minimize
",manhattan,"(10000.0, 10000.0)",32400,61200,True,False,True,True,each delivery in a trip requires trip departure from depot >= its ready_time,arrival,300,0.0,2,57
3,12,110,63,0.6358381502890174,197.0,302.0,0.652317880794702,371.91466789627077,53611.0,12,9.166666666666666,5.556868531717111,1.6041297713191174,6117.583333333333,2247.6799132492692,648.8493014832902,101.95972222222221,37.46133188748782,10.814155024721504,1.6993287037037037,0.6243555314581304,0.18023591707869172,"Model:  expressions = 107959, decisions = 900, constraints = 901, objectives = 3
Param:  time limit = 15 sec, no iteration limit

[objective directions]:     maximize |     minimize |     minimize
",manhattan,"(10000.0, 10000.0)",32400,61200,True,False,True,True,each delivery in a trip requires trip departure from depot >= its ready_time,arrival,300,0.0,2,58
3,13,122,74,0.6224489795918368,202.0,324.0,0.6234567901234568,374.07302349853524,53932.0,13,9.384615384615385,5.008966319485847,1.3892373001521816,6021.7692307692305,1913.8315910691722,530.8013795540562,100.3628205128205,31.897193184486202,8.84668965923427,1.672713675213675,0.5316198864081034,0.14744482765390451,"Model:  expressions = 112143, decisions = 900, constraints = 901, objectives = 3
Param:  time limit = 15 sec, no iteration limit

[objective directions]:     maximize |     minimize |     minimize
",manhattan,"(10000.0, 10000.0)",32400,61200,True,False,True,True,each delivery in a trip requires trip departure from depot >= its ready_time,arrival,300,0.0,2,59
3,13,126,72,0.6363636363636364,218.0,329.0,0.662613981762918,378.38574536132813,54561.0,13,9.692307692307692,5.893281702987668,1.634502258528906,5941.615384615385,2166.134942644061,600.7777388674931,99.02692307692308,36.10224904406768,10.012962314458218,1.650448717948718,0.6017041507344614,0.1668827052409703,"Model:  expressions = 112663, decisions = 900, constraints = 901, objectives = 3
Param:  time limit = 15 sec, no iteration limit

[objective directions]:     maximize |     minimize |     minimize
",manhattan,"(10000.0, 10000.0)",32400,61200,True,False,True,True,each delivery in a trip requires trip departure from depot >= its ready_time,arrival,300,0.0,2,60
3,13,121,57,0.6797752808988764,209.0,301.0,0.6943521594684385,379.07282583618166,54656.0,13,9.307692307692308,5.391113295424477,1.4952258014221995,5879.692307692308,1801.8350546325164,499.73912918507665,97.9948717948718,30.030584243875275,8.328985486417944,1.6332478632478633,0.5005097373979213,0.1388164247736324,"Model:  expressions = 108770, decisions = 900, constraints = 901, objectives = 3
Param:  time limit = 15 sec, no iteration limit

[objective directions]:     maximize |     minimize |     minimize
",manhattan,"(10000.0, 10000.0)",32400,61200,True,False,True,True,each delivery in a trip requires trip departure from depot >= its ready_time,arrival,300,0.0,2,61
3,13,129,57,0.6935483870967742,223.0,313.0,0.7124600638977636,418.62481496429444,60353.0,13,9.923076923076923,5.950651763484098,1.6504138504363175,6447.0,1719.1465906082587,476.8054755751674,107.45,28.65244317680431,7.94675792625279,1.7908333333333333,0.4775407196134052,0.1324459654375465,"Model:  expressions = 110223, decisions = 900, constraints = 901, objectives = 3
Param:  time limit = 15 sec, no iteration limit

[objective directions]:     maximize |     minimize |     minimize
",manhattan,"(10000.0, 10000.0)",32400,61200,True,False,True,True,each delivery in a trip requires trip departure from depot >= its ready_time,arrival,300,0.0,2,62
3,11,128,65,0.6632124352331606,212.0,328.0,0.6463414634146342,354.69672363471983,51145.0,11,11.636363636363637,7.242551032236187,2.1837112999026025,6913.090909090909,2486.7395301697943,749.7801793561708,115.21818181818182,41.44565883616324,12.496336322602847,1.9203030303030302,0.6907609806027206,0.20827227204338078,"Model:  expressions = 111679, decisions = 900, constraints = 901, objectives = 3
Param:  time limit = 15 sec, no iteration limit

[objective directions]:     maximize |     minimize |     minimize
",manhattan,"(10000.0, 10000.0)",32400,61200,True,False,True,True,each delivery in a trip requires trip departure from depot >= its ready_time,arrival,300,0.0,2,63
3,12,125,74,0.628140703517588,206.0,325.0,0.6338461538461538,359.3197980041504,51810.0,12,10.416666666666666,5.401318581998513,1.5592263686478847,6192.5,2053.861485105556,592.8987406519486,103.20833333333333,34.231024751759264,9.881645677532477,1.7201388888888889,0.5705170791959877,0.1646940946255413,"Model:  expressions = 112947, decisions = 900, constraints = 901, objectives = 3
Param:  time limit = 15 sec, no iteration limit

[objective directions]:     maximize |     minimize |     minimize
",manhattan,"(10000.0, 10000.0)",32400,61200,True,False,True,True,each delivery in a trip requires trip departure from depot >= its ready_time,arrival,300,0.0,2,64
3,13,121,76,0.6142131979695431,209.0,332.0,0.6295180722891566,371.31632174682613,53537.0,13,9.307692307692308,5.793453422968253,1.6068148752711076,5918.923076923077,1877.6137098960862,520.7563466572698,98.64871794871796,31.293561831601437,8.679272444287829,1.6441452991452992,0.521559363860024,0.1446545407381305,"Model:  expressions = 112545, decisions = 900, constraints = 901, objectives = 3
Param:  time limit = 15 sec, no iteration limit

[objective directions]:     maximize |     minimize |     minimize
",manhattan,"(10000.0, 10000.0)",32400,61200,True,False,True,True,each delivery in a trip requires trip departure from depot >= its ready_time,arrival,300,0.0,2,65
3,14,127,61,0.675531914893617,209.0,306.0,0.6830065359477124,372.1031527786255,53659.0,14,9.071428571428571,4.598733700525792,1.2290632800270425,5605.0,2138.8943944873085,571.6435721902011,93.41666666666667,35.64823990812181,9.527392869836685,1.5569444444444445,0.5941373318020301,0.15878988116394474,"Model:  expressions = 110520, decisions = 900, constraints = 901, objectives = 3
Param:  time limit = 15 sec, no iteration limit

[objective directions]:     maximize |     minimize |     minimize
",manhattan,"(10000.0, 10000.0)",32400,61200,True,False,True,True,each delivery in a trip requires trip departure from depot >= its ready_time,arrival,300,0.0,2,66
3,13,123,77,0.615,212.0,340.0,0.6235294117647059,392.12425285339356,56540.0,13,9.461538461538462,4.85824701950859,1.3474352875160247,6182.2307692307695,1677.6984807490564,465.3098382391352,103.03717948717949,27.961641345817608,7.755163970652253,1.7172863247863248,0.4660273557636268,0.12925273284420422,"Model:  expressions = 113151, decisions = 900, constraints = 901, objectives = 3
Param:  time limit = 15 sec, no iteration limit

[objective directions]:     maximize |     minimize |     minimize
",manhattan,"(10000.0, 10000.0)",32400,61200,True,False,True,True,each delivery in a trip requires trip departure from depot >= its ready_time,arrival,300,0.0,2,67
3,11,120,69,0.6349206349206349,200.0,311.0,0.6430868167202572,359.24256863403326,51803.0,11,10.909090909090908,5.412107638518389,1.6318118510892645,6688.090909090909,2214.514549717181,667.701259472248,111.46818181818182,36.90857582861968,11.128354324537467,1.8578030303030302,0.6151429304769948,0.18547257207562445,"Model:  expressions = 111026, decisions = 900, constraints = 901, objectives = 3
Param:  time limit = 15 sec, no iteration limit

[objective directions]:     maximize |     minimize |     minimize
",manhattan,"(10000.0, 10000.0)",32400,61200,True,False,True,True,each delivery in a trip requires trip departure from depot >= its ready_time,arrival,300,0.0,2,68
3,11,131,73,0.6421568627450981,224.0,350.0,0.64,366.4052817230225,52828.0,11,11.909090909090908,5.127466147222143,1.5459892123259136,7190.0,1594.6569537050907,480.80716225190247,119.83333333333333,26.577615895084843,8.013452704198375,1.9972222222222222,0.44296026491808077,0.13355754506997292,"Model:  expressions = 113864, decisions = 900, constraints = 901, objectives = 3
Param:  time limit = 15 sec, no iteration limit

[objective directions]:     maximize |     minimize |     minimize
",manhattan,"(10000.0, 10000.0)",32400,61200,True,False,True,True,each delivery in a trip requires trip departure from depot >= its ready_time,arrival,300,0.0,2,69
3,15,131,88,0.5981735159817352,218.0,357.0,0.6106442577030813,397.9893658142089,57389.0,15,8.733333333333333,4.847188679558296,1.2515387354569598,5397.933333333333,1551.5770993534595,400.61548441018397,89.96555555555555,25.859618322557658,6.676924740169733,1.499425925925926,0.4309936387092943,0.11128207900282888,"Model:  expressions = 117127, decisions = 900, constraints = 901, objectives = 3
Param:  time limit = 15 sec, no iteration limit

[objective directions]:     maximize |     minimize |     minimize
",manhattan,"(10000.0, 10000.0)",32400,61200,True,False,True,True,each delivery in a trip requires trip departure from depot >= its ready_time,arrival,300,0.0,2,70
3,11,127,73,0.635,212.0,337.0,0.629080118694362,374.9599926300049,54061.0,11,11.545454545454545,6.698710866482243,2.019737320290737,7053.272727272727,2661.0941017148975,802.3500606560149,117.55454545454545,44.35156836191496,13.372501010933581,1.9592424242424242,0.739192806031916,0.22287501684889302,"Model:  expressions = 113160, decisions = 900, constraints = 901, objectives = 3
Param:  time limit = 15 sec, no iteration limit

[objective directions]:     maximize |     minimize |     minimize
",manhattan,"(10000.0, 10000.0)",32400,61200,True,False,True,True,each delivery in a trip requires trip departure from depot >= its ready_time,arrival,300,0.0,2,71
3,11,126,70,0.6428571428571429,214.0,326.0,0.656441717791411,392.57568255615234,56606.0,11,11.454545454545455,5.279462782587569,1.5918179222262392,7216.0,1528.9476119213502,460.9950502593671,120.26666666666667,25.48246019868917,7.683250837656118,2.0044444444444443,0.42470766997815285,0.12805418062760196,"Model:  expressions = 112347, decisions = 900, constraints = 901, objectives = 3
Param:  time limit = 15 sec, no iteration limit

[objective directions]:     maximize |     minimize |     minimize
",manhattan,"(10000.0, 10000.0)",32400,61200,True,False,True,True,each delivery in a trip requires trip departure from depot >= its ready_time,arrival,300,0.0,2,72
3,11,124,61,0.6702702702702703,206.0,303.0,0.6798679867986799,370.7442470703125,53451.0,11,11.272727272727273,4.406606610327477,1.3286418841050989,6965.909090909091,1878.077818118592,566.2617681626093,116.09848484848484,31.3012969686432,9.437696136043488,1.9349747474747474,0.52168828281072,0.1572949356007248,"Model:  expressions = 110055, decisions = 900, constraints = 901, objectives = 3
Param:  time limit = 15 sec, no iteration limit

[objective directions]:     maximize |     minimize |     minimize
",manhattan,"(10000.0, 10000.0)",32400,61200,True,False,True,True,each delivery in a trip requires trip departure from depot >= its ready_time,arrival,300,0.0,2,73
3,10,127,99,0.5619469026548672,212.0,369.0,0.5745257452574526,343.1565939178467,49484.0,10,12.7,6.532823109328598,2.0658600576461557,7282.0,2255.010519807933,713.0969390233312,121.36666666666666,37.58350866346555,11.884948983722186,2.022777777777778,0.6263918110577592,0.19808248306203644,"Model:  expressions = 118988, decisions = 900, constraints = 901, objectives = 3
Param:  time limit = 15 sec, no iteration limit

[objective directions]:     maximize |     minimize |     minimize
",manhattan,"(10000.0, 10000.0)",32400,61200,True,False,True,True,each delivery in a trip requires trip departure from depot >= its ready_time,arrival,300,0.0,2,74
3,12,120,69,0.6349206349206349,211.0,330.0,0.6393939393939394,361.8513687744141,52166.0,12,10.0,5.2570299253821675,1.5175738212786565,6361.833333333333,2003.9327621333794,578.4855598278085,106.03055555555555,33.39887936888966,9.641425997130142,1.7671759259259259,0.5566479894814943,0.16069043328550237,"Model:  expressions = 110826, decisions = 900, constraints = 901, objectives = 3
Param:  time limit = 15 sec, no iteration limit

[objective directions]:     maximize |     minimize |     minimize
",manhattan,"(10000.0, 10000.0)",32400,61200,True,False,True,True,each delivery in a trip requires trip departure from depot >= its ready_time,arrival,300,0.0,2,75
3,11,129,79,0.6201923076923077,214.0,347.0,0.6167146974063401,363.49394116210937,52415.0,11,11.727272727272727,4.474168282282397,1.3490124946581485,6977.545454545455,1057.8479440483272,318.953155968834,116.29242424242425,17.630799067472122,5.3158859328139,1.9382070707070709,0.29384665112453534,0.08859809888023167,"Model:  expressions = 115046, decisions = 900, constraints = 901, objectives = 3
Param:  time limit = 15 sec, no iteration limit

[objective directions]:     maximize |     minimize |     minimize
",manhattan,"(10000.0, 10000.0)",32400,61200,True,False,True,True,each delivery in a trip requires trip departure from depot >= its ready_time,arrival,300,0.0,2,76
3,10,127,69,0.6479591836734694,221.0,328.0,0.6737804878048781,339.92174966430656,49016.0,10,12.7,5.945119380167605,1.8800118202938099,7259.1,1871.5577261260798,591.8385187044032,120.985,31.192628768767996,9.863975311740054,2.0164166666666667,0.5198771461461333,0.16439958852900088,"Model:  expressions = 112252, decisions = 900, constraints = 901, objectives = 3
Param:  time limit = 15 sec, no iteration limit

[objective directions]:     maximize |     minimize |     minimize
",manhattan,"(10000.0, 10000.0)",32400,61200,True,False,True,True,each delivery in a trip requires trip departure from depot >= its ready_time,arrival,300,0.0,2,77
3,11,135,86,0.6108597285067874,231.0,374.0,0.6176470588235294,355.21550227355954,51224.0,11,12.272727272727273,7.695335068610191,2.3202308235130755,6865.818181818182,3066.2182185285446,924.4995778373766,114.43030303030304,51.103636975475744,15.40832629728961,1.9071717171717173,0.8517272829245958,0.25680543828816016,"Model:  expressions = 117858, decisions = 900, constraints = 901, objectives = 3
Param:  time limit = 15 sec, no iteration limit

[objective directions]:     maximize |     minimize |     minimize
",manhattan,"(10000.0, 10000.0)",32400,61200,True,False,True,True,each delivery in a trip requires trip departure from depot >= its ready_time,arrival,300,0.0,2,78
3,11,128,67,0.6564102564102564,217.0,324.0,0.6697530864197531,379.12825792694093,54664.0,11,11.636363636363637,5.920687920718795,1.7851545758012473,7064.0,1581.5360887441045,476.8510726154922,117.73333333333333,26.358934812401742,7.947517876924871,1.9622222222222223,0.4393155802066957,0.13245863128208119,"Model:  expressions = 112151, decisions = 900, constraints = 901, objectives = 3
Param:  time limit = 15 sec, no iteration limit

[objective directions]:     maximize |     minimize |     minimize
",manhattan,"(10000.0, 10000.0)",32400,61200,True,False,True,True,each delivery in a trip requires trip departure from depot >= its ready_time,arrival,300,0.0,2,79
3,12,127,85,0.5990566037735849,216.0,354.0,0.6101694915254238,375.94914373779295,54206.0,12,10.583333333333334,6.345482764546092,1.8317830911244084,6422.166666666667,2122.3318150876726,612.6644223752875,107.03611111111111,35.37219691812788,10.21107370625479,1.7839351851851852,0.5895366153021313,0.17018456177091318,"Model:  expressions = 115870, decisions = 900, constraints = 901, objectives = 3
Param:  time limit = 15 sec, no iteration limit

[objective directions]:     maximize |     minimize |     minimize
",manhattan,"(10000.0, 10000.0)",32400,61200,True,False,True,True,each delivery in a trip requires trip departure from depot >= its ready_time,arrival,300,0.0,2,80
3,12,123,74,0.6243654822335025,213.0,332.0,0.641566265060241,379.53922784423827,54719.0,12,10.25,5.446016058467961,1.5721294186837511,6484.416666666667,2389.7067700807347,689.8489234951917,108.07361111111112,39.82844616801224,11.497482058253194,1.801226851851852,0.6638074361335374,0.19162470097088657,"Model:  expressions = 112521, decisions = 900, constraints = 901, objectives = 3
Param:  time limit = 15 sec, no iteration limit

[objective directions]:     maximize |     minimize |     minimize
",manhattan,"(10000.0, 10000.0)",32400,61200,True,False,True,True,each delivery in a trip requires trip departure from depot >= its ready_time,arrival,300,0.0,2,81
3,12,121,73,0.6237113402061856,209.0,330.0,0.6333333333333333,346.2088033065795,49918.0,12,10.083333333333334,3.941811612428832,1.1379029977652895,5974.833333333333,1955.2557997418758,564.4337311577746,99.58055555555555,32.5875966623646,9.407228852629576,1.659675925925926,0.54312661103941,0.15678714754382628,"Model:  expressions = 111862, decisions = 900, constraints = 901, objectives = 3
Param:  time limit = 15 sec, no iteration limit

[objective directions]:     maximize |     minimize |     minimize
",manhattan,"(10000.0, 10000.0)",32400,61200,True,False,True,True,each delivery in a trip requires trip departure from depot >= its ready_time,arrival,300,0.0,2,82
3,16,119,69,0.6329787234042553,197.0,305.0,0.6459016393442623,415.57183839416507,59912.0,16,7.4375,4.304551854335903,1.0761379635839758,5083.25,1973.9633735203904,493.4908433800976,84.72083333333333,32.89938955867317,8.224847389668293,1.412013888888889,0.5483231593112196,0.1370807898278049,"Model:  expressions = 110611, decisions = 900, constraints = 901, objectives = 3
Param:  time limit = 15 sec, no iteration limit

[objective directions]:     maximize |     minimize |     minimize
",manhattan,"(10000.0, 10000.0)",32400,61200,True,False,True,True,each delivery in a trip requires trip departure from depot >= its ready_time,arrival,300,0.0,2,83
3,11,128,63,0.6701570680628273,216.0,316.0,0.6835443037974683,377.3141117553711,54402.0,11,11.636363636363637,6.249363603963643,1.8842540229864169,7045.0,2064.886437555344,622.5866861877001,117.41666666666667,34.41477395925573,10.376444769795002,1.9569444444444444,0.5735795659875955,0.17294074616325003,"Model:  expressions = 111383, decisions = 900, constraints = 901, objectives = 3
Param:  time limit = 15 sec, no iteration limit

[objective directions]:     maximize |     minimize |     minimize
",manhattan,"(10000.0, 10000.0)",32400,61200,True,False,True,True,each delivery in a trip requires trip departure from depot >= its ready_time,arrival,300,0.0,2,84
3,15,130,85,0.6046511627906976,224.0,369.0,0.6070460704607046,395.59559347534184,57042.0,15,8.666666666666666,5.665265933320173,1.4627653741056832,5362.8,1767.9164168995258,456.4740560092368,89.38000000000001,29.465273614992096,7.60790093348728,1.4896666666666667,0.4910878935832016,0.12679834889145467,"Model:  expressions = 116338, decisions = 900, constraints = 901, objectives = 3
Param:  time limit = 15 sec, no iteration limit

[objective directions]:     maximize |     minimize |     minimize
",manhattan,"(10000.0, 10000.0)",32400,61200,True,False,True,True,each delivery in a trip requires trip departure from depot >= its ready_time,arrival,300,0.0,2,85
3,13,121,83,0.5931372549019608,216.0,355.0,0.6084507042253521,362.82092135620115,52311.0,13,9.307692307692308,5.779051470391651,1.602820492310974,5699.307692307692,2581.7490319747512,716.048347320345,94.98846153846154,43.02915053291252,11.93413912200575,1.5831410256410257,0.7171525088818753,0.19890231870009584,"Model:  expressions = 113852, decisions = 900, constraints = 901, objectives = 3
Param:  time limit = 15 sec, no iteration limit

[objective directions]:     maximize |     minimize |     minimize
",manhattan,"(10000.0, 10000.0)",32400,61200,True,False,True,True,each delivery in a trip requires trip departure from depot >= its ready_time,arrival,300,0.0,2,86
3,11,131,71,0.6485148514851485,209.0,326.0,0.6411042944785276,343.1709859924316,49491.0,11,11.909090909090908,4.784444491360423,1.4425642916477557,6675.363636363636,2153.773909802386,649.3872674610243,111.2560606060606,35.89623183003976,10.823121124350404,1.8542676767676767,0.5982705305006627,0.18038535207250675,"Model:  expressions = 113520, decisions = 900, constraints = 901, objectives = 3
Param:  time limit = 15 sec, no iteration limit

[objective directions]:     maximize |     minimize |     minimize
",manhattan,"(10000.0, 10000.0)",32400,61200,True,False,True,True,each delivery in a trip requires trip departure from depot >= its ready_time,arrival,300,0.0,2,87
3,13,131,85,0.6064814814814815,221.0,364.0,0.6071428571428571,378.26777062988276,54539.0,13,10.076923076923077,5.736746151805605,1.5910871080504485,6022.615384615385,2426.1889710154323,672.9037491508735,100.37692307692308,40.43648285025721,11.215062485847891,1.672948717948718,0.6739413808376201,0.18691770809746486,"Model:  expressions = 116575, decisions = 900, constraints = 901, objectives = 3
Param:  time limit = 15 sec, no iteration limit

[objective directions]:     maximize |     minimize |     minimize
",manhattan,"(10000.0, 10000.0)",32400,61200,True,False,True,True,each delivery in a trip requires trip departure from depot >= its ready_time,arrival,300,0.0,2,88
3,12,124,64,0.6595744680851063,215.0,315.0,0.6825396825396826,384.6403630371094,55450.0,12,10.333333333333334,2.839120649181021,0.8195835355332437,6509.166666666667,851.5550303397719,245.82276299822362,108.48611111111111,14.192583838996198,4.097046049970394,1.808101851851852,0.23654306398326996,0.0682841008328399,"Model:  expressions = 110587, decisions = 900, constraints = 901, objectives = 3
Param:  time limit = 15 sec, no iteration limit

[objective directions]:     maximize |     minimize |     minimize
",manhattan,"(10000.0, 10000.0)",32400,61200,True,False,True,True,each delivery in a trip requires trip departure from depot >= its ready_time,arrival,300,0.0,2,89
3,10,129,89,0.591743119266055,211.0,360.0,0.5861111111111111,331.9179460601806,47868.0,10,12.9,6.136412270663987,1.9405039437103844,7177.5,1754.4505471007787,554.8059770966984,119.625,29.240842451679647,9.246766284944973,1.99375,0.4873473741946608,0.15411277141574956,"Model:  expressions = 117205, decisions = 900, constraints = 901, objectives = 3
Param:  time limit = 15 sec, no iteration limit

[objective directions]:     maximize |     minimize |     minimize
",manhattan,"(10000.0, 10000.0)",32400,61200,True,False,True,True,each delivery in a trip requires trip departure from depot >= its ready_time,arrival,300,0.0,2,90
3,12,127,73,0.635,205.0,327.0,0.6269113149847095,379.59131911087036,54730.0,12,10.583333333333334,4.92596706395318,1.4220042051962996,6468.916666666667,1957.1759552214432,564.9880322992816,107.81527777777778,32.61959925369072,9.416467204988027,1.7969212962962964,0.543659987561512,0.15694112008313377,"Model:  expressions = 113116, decisions = 900, constraints = 901, objectives = 3
Param:  time limit = 15 sec, no iteration limit

[objective directions]:     maximize |     minimize |     minimize
",manhattan,"(10000.0, 10000.0)",32400,61200,True,False,True,True,each delivery in a trip requires trip departure from depot >= its ready_time,arrival,300,0.0,2,91
3,13,134,75,0.6411483253588517,222.0,350.0,0.6342857142857142,382.0001016120911,55077.0,13,10.307692307692308,6.524116994973539,1.8094644886540874,6228.846153846154,2630.6365784144923,729.6073131218922,103.81410256410257,43.84394297357487,12.16012188536487,1.7302350427350428,0.7307323828929145,0.20266869808941448,"Model:  expressions = 115056, decisions = 900, constraints = 901, objectives = 3
Param:  time limit = 15 sec, no iteration limit

[objective directions]:     maximize |     minimize |     minimize
",manhattan,"(10000.0, 10000.0)",32400,61200,True,False,True,True,each delivery in a trip requires trip departure from depot >= its ready_time,arrival,300,0.0,2,92
3,11,129,60,0.6825396825396826,207.0,301.0,0.6877076411960132,365.69564926910397,52728.0,11,11.727272727272727,5.6761062197761785,1.7114104182909227,6942.363636363636,1969.186292493794,593.7320067739051,115.7060606060606,32.819771541563235,9.895533446231752,1.9284343434343434,0.5469961923593872,0.16492555743719586,"Model:  expressions = 110823, decisions = 900, constraints = 901, objectives = 3
Param:  time limit = 15 sec, no iteration limit

[objective directions]:     maximize |     minimize |     minimize
",manhattan,"(10000.0, 10000.0)",32400,61200,True,False,True,True,each delivery in a trip requires trip departure from depot >= its ready_time,arrival,300,0.0,2,93
3,11,135,99,0.5769230769230769,225.0,390.0,0.5769230769230769,387.0475351867676,55800.0,11,12.272727272727273,7.849724951753521,2.3667811247688246,7300.272727272727,2613.6075868771536,788.0323377179748,121.67121212121212,43.56012644795256,13.133872295299579,2.027853535353535,0.726002107465876,0.21889787158832633,"Model:  expressions = 120897, decisions = 900, constraints = 901, objectives = 3
Param:  time limit = 15 sec, no iteration limit

[objective directions]:     maximize |     minimize |     minimize
",manhattan,"(10000.0, 10000.0)",32400,61200,True,False,True,True,each delivery in a trip requires trip departure from depot >= its ready_time,arrival,300,0.0,2,94
3,13,132,81,0.6197183098591549,210.0,354.0,0.5932203389830508,361.63667150878905,52145.0,13,10.153846153846153,4.879312688042478,1.3532778527507063,5852.923076923077,1497.4333297088979,415.31328091186197,97.54871794871795,24.957222161814965,6.921888015197699,1.6258119658119659,0.41595370269691606,0.11536480025329499,"Model:  expressions = 115944, decisions = 900, constraints = 901, objectives = 3
Param:  time limit = 15 sec, no iteration limit

[objective directions]:     maximize |     minimize |     minimize
",manhattan,"(10000.0, 10000.0)",32400,61200,True,False,True,True,each delivery in a trip requires trip departure from depot >= its ready_time,arrival,300,0.0,2,95
3,11,124,71,0.6358974358974359,209.0,319.0,0.6551724137931034,350.524450805664,50542.0,11,11.272727272727273,5.405384520844176,1.6297847548395583,6836.090909090909,1715.4329747644151,517.2225027542517,113.93484848484849,28.590549579406918,8.620375045904193,1.8989141414141415,0.476509159656782,0.14367291743173657,"Model:  expressions = 112223, decisions = 900, constraints = 901, objectives = 3
Param:  time limit = 15 sec, no iteration limit

[objective directions]:     maximize |     minimize |     minimize
",manhattan,"(10000.0, 10000.0)",32400,61200,True,False,True,True,each delivery in a trip requires trip departure from depot >= its ready_time,arrival,300,0.0,2,96
3,13,120,85,0.5853658536585366,204.0,338.0,0.6035502958579881,379.42545483398436,54702.0,13,9.23076923076923,4.918567646409643,1.364165219305246,5893.307692307692,1350.5057931885733,374.5629142425052,98.22179487179487,22.508429886476222,6.242715237375086,1.6370299145299145,0.37514049810793704,0.10404525395625144,"Model:  expressions = 114207, decisions = 900, constraints = 901, objectives = 3
Param:  time limit = 15 sec, no iteration limit

[objective directions]:     maximize |     minimize |     minimize
",manhattan,"(10000.0, 10000.0)",32400,61200,True,False,True,True,each delivery in a trip requires trip departure from depot >= its ready_time,arrival,300,0.0,2,97
3,14,126,67,0.6528497409326425,209.0,316.0,0.6613924050632911,398.1165465469361,57395.0,14,9.0,6.928203230275509,1.8516401995451028,5726.571428571428,2647.2567140136052,707.5091170482798,95.44285714285714,44.120945233560086,11.79181861747133,1.5907142857142857,0.7353490872260015,0.19653031029118884,"Model:  expressions = 111692, decisions = 900, constraints = 901, objectives = 3
Param:  time limit = 15 sec, no iteration limit

[objective directions]:     maximize |     minimize |     minimize
",manhattan,"(10000.0, 10000.0)",32400,61200,True,False,True,True,each delivery in a trip requires trip departure from depot >= its ready_time,arrival,300,0.0,2,98
3,12,125,65,0.6578947368421053,211.0,317.0,0.6656151419558359,367.42502728271484,52973.0,12,10.416666666666666,6.345482764546093,1.8317830911244088,6379.5,2348.61098214552,677.9855913817138,106.325,39.143516369092005,11.299759856361897,1.7720833333333332,0.6523919394848667,0.18832933093936494,"Model:  expressions = 111034, decisions = 900, constraints = 901, objectives = 3
Param:  time limit = 15 sec, no iteration limit

[objective directions]:     maximize |     minimize |     minimize
",manhattan,"(10000.0, 10000.0)",32400,61200,True,False,True,True,each delivery in a trip requires trip departure from depot >= its ready_time,arrival,300,0.0,2,99
