tiempos_c1,tiempos_c2,tiempos_c3,t_sale_el_rappi,indicador
1000000000000,1000000000000,1000000000000,61020,True
1000000000000,34009,1000000000000,1000000000000,False
1000000000000,36484,1000000000000,1000000000000,False
34076,1000000000000,1000000000000,1000000000000,True
1000000000000,41332,1000000000000,1000000000000,False
1000000000000,37941,1000000000000,1000000000000,False
1000000000000,42367,1000000000000,1000000000000,False
1000000000000,35496,1000000000000,1000000000000,False
1000000000000,39212,1000000000000,1000000000000,False
1000000000000,36970,1000000000000,1000000000000,False
1000000000000,36160,1000000000000,1000000000000,False
1000000000000,40391,1000000000000,1000000000000,False
34791,1000000000000,1000000000000,1000000000000,True
1000000000000,1000000000000,36662,1000000000000,False
1000000000000,1000000000000,43602,1000000000000,False
35666,1000000000000,1000000000000,1000000000000,True
36613,1000000000000,1000000000000,1000000000000,True
1000000000000,1000000000000,41425,1000000000000,False
1000000000000,1000000000000,38901,1000000000000,False
41559,1000000000000,1000000000000,1000000000000,True
1000000000000,1000000000000,46203,1000000000000,False
1000000000000,1000000000000,46897,1000000000000,False
1000000000000,46033,1000000000000,1000000000000,False
37174,1000000000000,1000000000000,1000000000000,True
1000000000000,45741,1000000000000,1000000000000,False
1000000000000,1000000000000,39978,1000000000000,False
1000000000000,1000000000000,39516,1000000000000,False
1000000000000,1000000000000,40516,1000000000000,False
42490,1000000000000,1000000000000,1000000000000,True
1000000000000,1000000000000,1000000000000,46685,False
1000000000000,1000000000000,1000000000000,47060,False
1000000000000,44305,1000000000000,1000000000000,False
1000000000000,44602,1000000000000,1000000000000,False
1000000000000,1000000000000,1000000000000,48298,False
1000000000000,1000000000000,1000000000000,48065,False
1000000000000,50186,1000000000000,1000000000000,False
1000000000000,43942,1000000000000,1000000000000,False
1000000000000,1000000000000,1000000000000,48837,False
1000000000000,1000000000000,49744,1000000000000,False
39746,1000000000000,1000000000000,1000000000000,True
1000000000000,1000000000000,1000000000000,49579,False
1000000000000,45147,1000000000000,1000000000000,False
1000000000000,1000000000000,1000000000000,48552,False
1000000000000,50930,1000000000000,1000000000000,False
1000000000000,45492,1000000000000,1000000000000,False
46840,1000000000000,1000000000000,1000000000000,True
44871,1000000000000,1000000000000,1000000000000,True
1000000000000,1000000000000,1000000000000,49708,False
49977,1000000000000,1000000000000,1000000000000,True
46507,1000000000000,1000000000000,1000000000000,True
1000000000000,1000000000000,1000000000000,49421,False
1000000000000,48795,1000000000000,1000000000000,False
40195,1000000000000,1000000000000,1000000000000,True
1000000000000,1000000000000,1000000000000,50068,False
41787,1000000000000,1000000000000,1000000000000,True
1000000000000,51454,1000000000000,1000000000000,False
1000000000000,1000000000000,1000000000000,50723,False
1000000000000,51779,1000000000000,1000000000000,False
1000000000000,49070,1000000000000,1000000000000,False
1000000000000,43492,1000000000000,1000000000000,False
1000000000000,46667,1000000000000,1000000000000,False
1000000000000,1000000000000,1000000000000,50543,False
1000000000000,1000000000000,1000000000000,51320,False
1000000000000,1000000000000,50682,1000000000000,False
1000000000000,1000000000000,1000000000000,58824,True
47812,1000000000000,1000000000000,1000000000000,True
1000000000000,46326,1000000000000,1000000000000,False
48513,1000000000000,1000000000000,1000000000000,True
1000000000000,1000000000000,1000000000000,50815,False
1000000000000,51199,1000000000000,1000000000000,False
53705,1000000000000,1000000000000,1000000000000,True
1000000000000,1000000000000,1000000000000,52181,False
1000000000000,1000000000000,1000000000000,51977,False
1000000000000,49691,1000000000000,1000000000000,False
1000000000000,1000000000000,1000000000000,59624,True
1000000000000,1000000000000,1000000000000,52184,False
1000000000000,1000000000000,1000000000000,59077,True
44198,1000000000000,1000000000000,1000000000000,True
1000000000000,53752,1000000000000,1000000000000,False
1000000000000,1000000000000,1000000000000,52569,False
42676,1000000000000,1000000000000,1000000000000,True
1000000000000,1000000000000,1000000000000,52640,False
1000000000000,1000000000000,1000000000000,59561,True
1000000000000,1000000000000,1000000000000,51801,False
48137,1000000000000,1000000000000,1000000000000,True
1000000000000,1000000000000,1000000000000,53038,False
1000000000000,1000000000000,50115,1000000000000,False
1000000000000,1000000000000,1000000000000,53362,False
1000000000000,1000000000000,52707,1000000000000,False
1000000000000,1000000000000,1000000000000,53489,False
1000000000000,48270,1000000000000,1000000000000,False
46109,1000000000000,1000000000000,1000000000000,True
1000000000000,1000000000000,1000000000000,53487,False
1000000000000,1000000000000,1000000000000,53239,False
1000000000000,1000000000000,51104,1000000000000,False
1000000000000,1000000000000,51552,1000000000000,False
1000000000000,1000000000000,49110,1000000000000,False
1000000000000,1000000000000,1000000000000,53573,False
59530,1000000000000,1000000000000,1000000000000,True
1000000000000,1000000000000,1000000000000,54015,False
1000000000000,1000000000000,1000000000000,54202,False
1000000000000,1000000000000,1000000000000,59355,True
1000000000000,1000000000000,52001,1000000000000,False
1000000000000,1000000000000,1000000000000,58911,True
45341,1000000000000,1000000000000,1000000000000,True
1000000000000,56093,1000000000000,1000000000000,False
1000000000000,1000000000000,1000000000000,55626,False
1000000000000,1000000000000,1000000000000,59570,True
1000000000000,54721,1000000000000,1000000000000,False
1000000000000,54458,1000000000000,1000000000000,False
59844,1000000000000,1000000000000,1000000000000,True
1000000000000,54935,1000000000000,1000000000000,False
1000000000000,1000000000000,55565,1000000000000,False
1000000000000,50585,1000000000000,1000000000000,False
57984,1000000000000,1000000000000,1000000000000,True
1000000000000,1000000000000,1000000000000,59334,True
1000000000000,1000000000000,1000000000000,59266,True
1000000000000,56749,1000000000000,1000000000000,False
47367,1000000000000,1000000000000,1000000000000,True
1000000000000,1000000000000,1000000000000,56596,False
1000000000000,1000000000000,1000000000000,56120,False
49673,1000000000000,1000000000000,1000000000000,True
1000000000000,1000000000000,48864,1000000000000,False
52682,1000000000000,1000000000000,1000000000000,True
1000000000000,1000000000000,1000000000000,56468,False
1000000000000,1000000000000,49357,1000000000000,False
1000000000000,1000000000000,56664,1000000000000,False
49212,1000000000000,1000000000000,1000000000000,True
1000000000000,1000000000000,1000000000000,57240,False
1000000000000,1000000000000,1000000000000,57665,False
1000000000000,1000000000000,1000000000000,57488,False
1000000000000,1000000000000,1000000000000,59502,True
52292,1000000000000,1000000000000,1000000000000,True
1000000000000,1000000000000,1000000000000,59617,True
53151,1000000000000,1000000000000,1000000000000,True
1000000000000,1000000000000,1000000000000,57796,False
53452,1000000000000,1000000000000,1000000000000,True
51205,1000000000000,1000000000000,1000000000000,True
1000000000000,1000000000000,1000000000000,58245,False
51579,1000000000000,1000000000000,1000000000000,True
1000000000000,1000000000000,1000000000000,59001,False
1000000000000,1000000000000,1000000000000,58918,False
1000000000000,1000000000000,57690,1000000000000,False
1000000000000,1000000000000,1000000000000,59578,True
1000000000000,1000000000000,1000000000000,58960,False
50542,1000000000000,1000000000000,1000000000000,True
54034,1000000000000,1000000000000,1000000000000,True
1000000000000,1000000000000,1000000000000,60411,True
55834,1000000000000,1000000000000,1000000000000,True
1000000000000,1000000000000,1000000000000,58782,False
1000000000000,56419,1000000000000,1000000000000,False
1000000000000,1000000000000,1000000000000,59334,True
1000000000000,59131,1000000000000,1000000000000,False
1000000000000,53982,1000000000000,1000000000000,False
1000000000000,1000000000000,1000000000000,59475,False
1000000000000,1000000000000,58486,1000000000000,False
58648,1000000000000,1000000000000,1000000000000,True
1000000000000,55810,1000000000000,1000000000000,False
1000000000000,55270,1000000000000,1000000000000,False
1000000000000,1000000000000,1000000000000,59119,False
1000000000000,1000000000000,1000000000000,59785,True
1000000000000,1000000000000,58691,1000000000000,False
1000000000000,1000000000000,1000000000000,59260,False
1000000000000,59593,1000000000000,1000000000000,False
1000000000000,1000000000000,55252,1000000000000,False
1000000000000,1000000000000,56200,1000000000000,False
1000000000000,1000000000000,1000000000000,59954,True
1000000000000,1000000000000,1000000000000,59616,False
1000000000000,1000000000000,1000000000000,59474,True
1000000000000,1000000000000,1000000000000,59729,False
1000000000000,1000000000000,1000000000000,59253,False
1000000000000,1000000000000,55830,1000000000000,False
56765,1000000000000,1000000000000,1000000000000,True
1000000000000,1000000000000,1000000000000,59579,False
54787,1000000000000,1000000000000,1000000000000,True
52956,1000000000000,1000000000000,1000000000000,True
1000000000000,1000000000000,1000000000000,59487,False
1000000000000,1000000000000,54860,1000000000000,False
1000000000000,1000000000000,57259,1000000000000,False
1000000000000,1000000000000,1000000000000,59864,False
1000000000000,1000000000000,1000000000000,59346,False
1000000000000,1000000000000,1000000000000,59283,False
1000000000000,1000000000000,1000000000000,59437,False
57383,1000000000000,1000000000000,1000000000000,True
1000000000000,1000000000000,1000000000000,58794,True
1000000000000,58754,1000000000000,1000000000000,False
1000000000000,1000000000000,1000000000000,59503,False
1000000000000,1000000000000,1000000000000,59182,False
1000000000000,1000000000000,1000000000000,59911,False
1000000000000,1000000000000,1000000000000,59659,False
56204,1000000000000,1000000000000,1000000000000,True
59233,1000000000000,1000000000000,1000000000000,True
1000000000000,1000000000000,1000000000000,59444,True
1000000000000,1000000000000,1000000000000,59074,True
58923,1000000000000,1000000000000,1000000000000,True
