tiempos_c0,tiempos_c1,tiempos_c2,tiempos_c3,indicador
1000000000000,1000000000000,1000000000000,1000000000000,True
1000000000000,33979,1000000000000,1000000000000,False
39075,1000000000000,1000000000000,1000000000000,True
1000000000000,37292,1000000000000,1000000000000,False
1000000000000,38527,1000000000000,1000000000000,False
34073,1000000000000,1000000000000,1000000000000,True
1000000000000,40927,1000000000000,1000000000000,False
35509,1000000000000,1000000000000,1000000000000,True
1000000000000,36687,1000000000000,1000000000000,False
1000000000000,36231,1000000000000,1000000000000,False
1000000000000,35506,1000000000000,1000000000000,False
1000000000000,44669,1000000000000,1000000000000,False
1000000000000,1000000000000,37602,1000000000000,False
36925,1000000000000,1000000000000,1000000000000,True
38414,1000000000000,1000000000000,1000000000000,True
1000000000000,1000000000000,42869,1000000000000,False
1000000000000,42372,1000000000000,1000000000000,False
1000000000000,43599,1000000000000,1000000000000,False
41860,1000000000000,1000000000000,1000000000000,True
1000000000000,1000000000000,1000000000000,1000000000000,True
1000000000000,44303,1000000000000,1000000000000,False
43278,1000000000000,1000000000000,1000000000000,True
1000000000000,1000000000000,40562,1000000000000,False
40848,1000000000000,1000000000000,1000000000000,True
1000000000000,41817,1000000000000,1000000000000,False
1000000000000,1000000000000,43235,1000000000000,False
45203,1000000000000,1000000000000,1000000000000,True
1000000000000,43061,1000000000000,1000000000000,False
1000000000000,1000000000000,42454,1000000000000,False
1000000000000,44073,1000000000000,1000000000000,False
42885,1000000000000,1000000000000,1000000000000,True
1000000000000,1000000000000,1000000000000,1000000000000,True
1000000000000,1000000000000,1000000000000,1000000000000,True
1000000000000,1000000000000,1000000000000,1000000000000,True
44401,1000000000000,1000000000000,1000000000000,True
1000000000000,1000000000000,46193,1000000000000,False
40294,1000000000000,1000000000000,1000000000000,True
1000000000000,1000000000000,46465,1000000000000,False
1000000000000,1000000000000,41607,1000000000000,False
1000000000000,1000000000000,45520,1000000000000,False
1000000000000,45208,1000000000000,1000000000000,False
1000000000000,1000000000000,47262,1000000000000,False
1000000000000,1000000000000,1000000000000,42152,False
1000000000000,42765,1000000000000,1000000000000,False
45627,1000000000000,1000000000000,1000000000000,True
53747,1000000000000,1000000000000,1000000000000,True
1000000000000,1000000000000,49322,1000000000000,False
54545,1000000000000,1000000000000,1000000000000,True
1000000000000,1000000000000,1000000000000,1000000000000,True
1000000000000,1000000000000,1000000000000,1000000000000,False
1000000000000,1000000000000,1000000000000,1000000000000,True
1000000000000,1000000000000,1000000000000,1000000000000,True
1000000000000,46091,1000000000000,1000000000000,False
1000000000000,1000000000000,1000000000000,1000000000000,True
43676,1000000000000,1000000000000,1000000000000,True
1000000000000,1000000000000,1000000000000,49706,False
1000000000000,1000000000000,1000000000000,1000000000000,False
1000000000000,1000000000000,1000000000000,1000000000000,True
1000000000000,1000000000000,50996,1000000000000,False
1000000000000,50442,1000000000000,1000000000000,False
1000000000000,1000000000000,1000000000000,1000000000000,True
1000000000000,1000000000000,1000000000000,52508,False
1000000000000,1000000000000,1000000000000,51478,False
1000000000000,47592,1000000000000,1000000000000,False
1000000000000,1000000000000,1000000000000,1000000000000,False
1000000000000,1000000000000,1000000000000,1000000000000,False
1000000000000,1000000000000,1000000000000,51920,False
1000000000000,1000000000000,51390,1000000000000,False
1000000000000,1000000000000,1000000000000,46034,False
1000000000000,1000000000000,1000000000000,46371,False
1000000000000,1000000000000,1000000000000,45474,False
1000000000000,52126,1000000000000,1000000000000,False
1000000000000,1000000000000,1000000000000,52270,False
1000000000000,49789,1000000000000,1000000000000,False
1000000000000,48559,1000000000000,1000000000000,False
1000000000000,51787,1000000000000,1000000000000,False
1000000000000,1000000000000,1000000000000,1000000000000,False
1000000000000,1000000000000,1000000000000,1000000000000,True
1000000000000,1000000000000,1000000000000,1000000000000,False
1000000000000,1000000000000,1000000000000,48814,False
1000000000000,1000000000000,52513,1000000000000,False
1000000000000,1000000000000,1000000000000,1000000000000,True
1000000000000,1000000000000,1000000000000,1000000000000,True
49688,1000000000000,1000000000000,1000000000000,True
1000000000000,1000000000000,51768,1000000000000,False
1000000000000,1000000000000,1000000000000,47399,False
1000000000000,55052,1000000000000,1000000000000,False
1000000000000,1000000000000,50001,1000000000000,False
1000000000000,51363,1000000000000,1000000000000,False
1000000000000,48183,1000000000000,1000000000000,False
1000000000000,1000000000000,1000000000000,1000000000000,False
1000000000000,1000000000000,52023,1000000000000,False
53297,1000000000000,1000000000000,1000000000000,True
1000000000000,1000000000000,1000000000000,1000000000000,True
46840,1000000000000,1000000000000,1000000000000,True
1000000000000,1000000000000,50427,1000000000000,False
50844,1000000000000,1000000000000,1000000000000,True
1000000000000,1000000000000,1000000000000,1000000000000,True
50479,1000000000000,1000000000000,1000000000000,True
1000000000000,49132,1000000000000,1000000000000,False
1000000000000,1000000000000,1000000000000,1000000000000,False
46416,1000000000000,1000000000000,1000000000000,True
1000000000000,1000000000000,1000000000000,1000000000000,False
1000000000000,1000000000000,1000000000000,54893,False
1000000000000,1000000000000,1000000000000,1000000000000,True
1000000000000,1000000000000,1000000000000,1000000000000,False
1000000000000,1000000000000,53618,1000000000000,False
1000000000000,1000000000000,1000000000000,1000000000000,False
1000000000000,54236,1000000000000,1000000000000,False
1000000000000,56920,1000000000000,1000000000000,False
49472,1000000000000,1000000000000,1000000000000,True
1000000000000,50922,1000000000000,1000000000000,False
1000000000000,1000000000000,1000000000000,1000000000000,False
1000000000000,1000000000000,1000000000000,1000000000000,False
1000000000000,1000000000000,1000000000000,1000000000000,False
1000000000000,1000000000000,1000000000000,1000000000000,False
1000000000000,1000000000000,1000000000000,1000000000000,True
1000000000000,56628,1000000000000,1000000000000,False
1000000000000,1000000000000,1000000000000,1000000000000,True
49964,1000000000000,1000000000000,1000000000000,True
1000000000000,1000000000000,1000000000000,57430,False
1000000000000,1000000000000,1000000000000,1000000000000,True
1000000000000,1000000000000,1000000000000,1000000000000,True
51669,1000000000000,1000000000000,1000000000000,True
1000000000000,1000000000000,1000000000000,1000000000000,False
47464,1000000000000,1000000000000,1000000000000,True
1000000000000,1000000000000,58205,1000000000000,False
1000000000000,1000000000000,1000000000000,1000000000000,False
1000000000000,55511,1000000000000,1000000000000,False
48155,1000000000000,1000000000000,1000000000000,True
1000000000000,1000000000000,54469,1000000000000,False
1000000000000,1000000000000,1000000000000,57726,False
1000000000000,1000000000000,1000000000000,1000000000000,False
1000000000000,53822,1000000000000,1000000000000,False
1000000000000,1000000000000,57235,1000000000000,False
1000000000000,1000000000000,1000000000000,56087,False
1000000000000,59988,1000000000000,1000000000000,False
52051,1000000000000,1000000000000,1000000000000,True
1000000000000,1000000000000,1000000000000,1000000000000,False
51121,1000000000000,1000000000000,1000000000000,True
1000000000000,1000000000000,1000000000000,1000000000000,False
1000000000000,1000000000000,1000000000000,1000000000000,True
1000000000000,1000000000000,58717,1000000000000,False
1000000000000,1000000000000,1000000000000,1000000000000,False
1000000000000,55893,1000000000000,1000000000000,False
1000000000000,1000000000000,1000000000000,58152,False
1000000000000,1000000000000,1000000000000,1000000000000,True
1000000000000,1000000000000,1000000000000,1000000000000,False
1000000000000,1000000000000,1000000000000,1000000000000,False
1000000000000,1000000000000,1000000000000,1000000000000,True
1000000000000,1000000000000,56653,1000000000000,False
1000000000000,1000000000000,1000000000000,1000000000000,True
1000000000000,1000000000000,1000000000000,1000000000000,True
1000000000000,1000000000000,1000000000000,1000000000000,False
1000000000000,1000000000000,1000000000000,1000000000000,True
1000000000000,1000000000000,59453,1000000000000,False
1000000000000,53408,1000000000000,1000000000000,False
1000000000000,56386,1000000000000,1000000000000,False
1000000000000,1000000000000,1000000000000,1000000000000,True
1000000000000,1000000000000,1000000000000,55262,False
1000000000000,1000000000000,1000000000000,55662,False
1000000000000,1000000000000,1000000000000,1000000000000,True
1000000000000,1000000000000,1000000000000,1000000000000,True
1000000000000,1000000000000,56964,1000000000000,False
1000000000000,54725,1000000000000,1000000000000,False
1000000000000,1000000000000,1000000000000,1000000000000,False
1000000000000,1000000000000,1000000000000,56931,False
1000000000000,1000000000000,1000000000000,56330,False
1000000000000,1000000000000,1000000000000,58879,False
1000000000000,1000000000000,1000000000000,1000000000000,False
58968,1000000000000,1000000000000,1000000000000,True
1000000000000,1000000000000,1000000000000,1000000000000,False
1000000000000,1000000000000,1000000000000,1000000000000,True
1000000000000,1000000000000,1000000000000,1000000000000,True
1000000000000,1000000000000,1000000000000,1000000000000,False
1000000000000,1000000000000,1000000000000,1000000000000,True
1000000000000,1000000000000,1000000000000,1000000000000,False
1000000000000,1000000000000,1000000000000,1000000000000,False
1000000000000,59560,1000000000000,1000000000000,False
55908,1000000000000,1000000000000,1000000000000,True
1000000000000,1000000000000,1000000000000,1000000000000,False
1000000000000,1000000000000,60054,1000000000000,False
1000000000000,1000000000000,1000000000000,1000000000000,True
1000000000000,1000000000000,1000000000000,1000000000000,False
1000000000000,1000000000000,1000000000000,1000000000000,False
1000000000000,1000000000000,57837,1000000000000,False
1000000000000,1000000000000,1000000000000,1000000000000,False
57305,1000000000000,1000000000000,1000000000000,True
55256,1000000000000,1000000000000,1000000000000,True
1000000000000,1000000000000,1000000000000,1000000000000,True
1000000000000,1000000000000,1000000000000,1000000000000,True
1000000000000,1000000000000,1000000000000,1000000000000,True
